dataset,experiment,alpha,volume_levelset,volume_one,volume_ot,volume_MVCS,coverage_levelset,coverage_one,coverage_ot,coverage_MVCS,ERT_levelset,ERT_one,ERT_ot,ERT_MVCS,WSC_levelset,WSC_one,WSC_ot,WSC_MVCS,time_levelset,time_one,time_ot,time_MVCS,volume_HDR,coverage_HDR,ERT_HDR,WSC_HDR,time_HDR
house,2,0.1,1.0024817,1.2098763,1.2353205714986188,1.1958152055740356,0.8889916743755781,0.8862164662349676,0.8820536540240518,0.8843663334846497,0.0470930647831172,0.0909225089674825,0.0910227985994798,0.0987069171890406,0.7181817889213562,0.7018348574638367,0.7117117047309875,0.6508620977401733,0.0244019031524658,0.0077121257781982,0.3295817375183105,0.1133894920349121,1.1098809242248535,0.9019426703453064,0.0116564049221942,0.8110598921775818,1899.4867737293243
house,1,0.1,1.0458812,1.2754116,1.3713112029306855,1.151689052581787,0.9130434782608696,0.9176688251618872,0.9167437557816835,0.9070305228233336,0.0284943678214688,0.0569848710895553,0.0649365017836949,0.0667043114106676,0.7972350120544434,0.764976978302002,0.7623318433761597,0.7692307829856873,0.025158405303955,0.009037971496582,0.5005385875701904,0.1171135902404785,1.1839945316314695,0.9047178626060486,0.0178560504563788,0.8036529421806335,818.7965450286865
house,7,0.1,0.97923267,1.197214,1.1826431932911718,1.1494206190109253,0.8982423681776133,0.8996299722479186,0.8950046253469011,0.9093431830406188,0.0183243568750537,0.0640101434327244,0.0610512424994856,0.0640095053336728,0.7834101319313049,0.6912442445755005,0.6912442445755005,0.7327188849449158,0.0231735706329345,0.0071868896484375,0.4205493927001953,0.1462938785552978,1.186299204826355,0.9185938835144044,0.0356244239613596,0.8377193212509155,1875.5788791179657
house,3,0.1,1.0051612,1.2437767,1.2810362869292835,1.1760014295578003,0.910268270120259,0.912118408880666,0.9061054579093432,0.9153561592102052,0.0299683579865477,0.0666104376313521,0.0628092215669623,0.0649401371676442,0.7972350120544434,0.7045454382896423,0.7090908885002136,0.6968325972557068,0.0185914039611816,0.0083100795745849,0.5080294609069824,0.150447130203247,1.1595616340637207,0.912118434906006,0.0206398223606516,0.8054298758506775,1769.9285244941711
house,8,0.1,1.0140048,1.1880168,1.2225146558386262,1.1426955461502075,0.8945420906567992,0.8926919518963923,0.8829787234042553,0.8959296941757202,0.0276479779373905,0.0582888593069859,0.0596698330383428,0.0652241095259419,0.7873303294181824,0.6803653240203857,0.6756756901741028,0.730434775352478,0.0205304622650146,0.0063338279724121,0.480677843093872,0.1572310924530029,1.140986680984497,0.8880665898323059,0.0331214154944857,0.7945205569267273,1797.4062654972076
house,4,0.1,0.9995549,1.18511,1.2191635018805422,1.146250605583191,0.910268270120259,0.900555041628122,0.8996299722479186,0.9010175466537476,0.0319046791916621,0.0587407056914252,0.0638371459652223,0.0680855036113252,0.7946428656578064,0.7363636493682861,0.7235022783279419,0.7142857313156128,0.1915540695190429,0.0078403949737548,0.4643573760986328,0.1655349731445312,1.1814779043197632,0.9084181189537048,0.0364449224781718,0.7972350120544434,1797.500016450882
house,0,0.1,0.9516613,1.1655483,1.2465378026268146,1.131356120109558,0.8839037927844589,0.8950046253469011,0.908418131359852,0.9000924825668335,0.0248843097177443,0.0573635763339822,0.0629097254774281,0.0580162158203883,0.7366071343421936,0.7327188849449158,0.7373272180557251,0.7256637215614319,0.0209417343139648,0.0070381164550781,0.4666502475738525,0.1635785102844238,1.086840033531189,0.8913043737411499,0.0219241290552949,0.782608687877655,808.216498374939
house,6,0.1,0.9702733,1.20366,1.15828972424719,1.0287301540374756,0.9014801110083256,0.9074930619796484,0.9014801110083256,0.8977798223495483,0.0299762714911991,0.0779775140541122,0.0735418352074032,0.0715924713247275,0.7834101319313049,0.6995515823364258,0.699999988079071,0.6696832776069641,0.0182280540466308,0.0091094970703125,0.5301840305328369,0.1522562503814697,1.1757159233093262,0.909805715084076,0.0321901549329689,0.8018433451652527,1930.864317655564
house,5,0.1,1.0535523,1.2479006,1.2749960759420411,1.1707072257995603,0.8926919518963923,0.8862164662349676,0.8889916743755781,0.8843663334846497,0.0341363042725559,0.0683773887013667,0.0633797412901191,0.0771516602804699,0.7373272180557251,0.6991150379180908,0.6912442445755005,0.6682027578353882,0.0282351970672607,0.0102994441986083,0.5877151489257812,0.1856343746185302,1.1059967279434204,0.8959296941757202,0.0123950031361744,0.8064516186714172,1877.3974628448489
house,2,0.05,1.2156651,1.6271298,1.7610620961286114,1.4083800315856934,0.942645698427382,0.9486586493987048,0.946345975948196,0.9463459849357604,0.0332565659703165,0.0410738009130023,0.0418169997733832,0.0395053924437758,0.7706422209739685,0.752293586730957,0.752293586730957,0.7586206793785095,0.0185503959655761,0.0080006122589111,0.3258731365203857,0.1120755672454834,1.3908435106277466,0.9495837092399596,0.0138790550190433,0.8256880640983582,917.9174592494963
house,9,0.1,1.0139289,1.2761253,1.33453411638394,1.1825004816055298,0.910268270120259,0.9130434782608696,0.9241443108233116,0.9084181189537048,0.0288675170926804,0.0543924921580737,0.0524518981294282,0.049773340012976,0.7786885499954224,0.7695852518081665,0.7909836173057556,0.7695852518081665,0.0251264572143554,0.0089144706726074,0.4678516387939453,0.159797191619873,1.191345453262329,0.908880650997162,0.029783817692876,0.8090909123420715,917.505199432373
rf1,5,0.1,0.27325228,0.5802833,0.5590279805813133,0.2654718458652496,0.9091903719912472,0.9026258205689278,0.8905908096280087,0.8884026408195496,0.0144334422527673,0.1325743229891855,0.0463916443779126,0.0898817119144258,0.717391312122345,0.550000011920929,0.717391312122345,0.5652173757553101,0.0249116420745849,0.0071697235107421,17.041473150253296,0.1080090999603271,0.447050541639328,0.8949671983718872,0.060369913023828,0.6804123520851135,447.7365584373474
rf1,6,0.1,0.28139597,0.57214516,0.4784992848296496,0.2764070332050323,0.9026258205689278,0.888402625820569,0.888402625820569,0.8884026408195496,-0.0214627949645882,0.1174959585186039,0.0658608147770565,0.1091563206409639,0.77173912525177,0.4946236610412597,0.6595744490623474,0.4946236610412597,0.0231945514678955,0.0062592029571533,14.274401664733888,0.0647351741790771,0.4681899845600128,0.9048140048980712,0.0468408188017855,0.7368420958518982,456.9892973899841
house,1,0.05,1.2849513,1.6551898,1.79546782536309,1.3513069152832031,0.962072155411656,0.9551341350601296,0.95790934320074,0.9505087733268738,0.0150296252364578,0.02896053154213,0.0341330996554173,0.030947848896369,0.8256880640983582,0.78899085521698,0.8073394298553467,0.7798165082931519,0.0194242000579834,0.0120058059692382,0.412386417388916,0.1189358234405517,1.5003312826156616,0.9546716213226318,0.0078153124797814,0.8264462947845459,1935.7239689826963
house,7,0.05,1.1963496,1.5312518,1.7190339806678274,1.3900372982025146,0.9514338575393154,0.9412580943570767,0.9491211840888066,0.9532840251922609,0.0146607475748636,0.0467591569821804,0.0352408957440852,0.0385313551090055,0.8165137767791748,0.7064220309257507,0.7431192398071289,0.8141592741012573,0.0142059326171875,0.0059947967529296,0.4744727611541748,0.1349411010742187,1.5071901082992554,0.9620721340179444,0.0231239904373687,0.853210985660553,3933.568788766861
house,3,0.05,1.270106,1.6453284,1.945660197634734,1.3769655227661133,0.9588344125809436,0.9574468085106383,0.9551341350601296,0.9560592174530028,0.0195559675086962,0.0427807779848376,0.0399679310355354,0.0358010499784918,0.8389830589294434,0.734375,0.7155963182449341,0.7606837749481201,0.0135548114776611,0.0091242790222167,0.4594457149505615,0.149590253829956,1.4593127965927124,0.9629971981048584,0.0091179202227176,0.8584070801734924,894.2113258838654
house,8,0.05,1.2077558,1.5978158,1.708569422837787,1.4663852453231812,0.9403330249768732,0.950508788159112,0.9398704902867716,0.9551341533660888,0.0107776256965954,0.0347383717630868,0.0285803201562395,0.0309398307892878,0.8018018007278442,0.7387387156486511,0.7297297120094299,0.7727272510528564,0.0158503055572509,0.0065429210662841,0.4715535640716553,0.1613023281097412,1.427335262298584,0.9518963694572448,0.0074421607817619,0.8256880640983582,881.7925801277161
house,0,0.05,1.1537422,1.5556908,1.796206336078061,1.3017631769180298,0.9398704902867716,0.9518963922294172,0.9486586493987048,0.9440333247184752,0.017953337617706,0.0310322092333175,0.0288614137288584,0.0285464275454028,0.7822580933570862,0.7798165082931519,0.7966101765632629,0.7837837934494019,0.0147936344146728,0.0065760612487792,0.4658186435699463,0.16357421875,1.373107671737671,0.9505087733268738,0.0187848591344889,0.780701756477356,1848.185917377472
house,6,0.05,1.1779957,1.564282,1.6654398882922476,1.332037091255188,0.9491211840888066,0.9481961147086032,0.9509713228492136,0.9477335810661316,0.0312208143537114,0.0466218728509994,0.0408321636445905,0.0400054577095975,0.805084764957428,0.7017543911933899,0.6972476840019226,0.7431192398071289,0.0186758041381835,0.0089614391326904,0.5312645435333252,0.1489768028259277,1.4827210903167725,0.957446813583374,0.009390242729177,0.8256880640983582,1006.392247915268
rf1,7,0.1,0.28571388,0.60840136,0.559656178902549,0.277120441198349,0.9135667396061268,0.901531728665208,0.9026258205689278,0.9113785624504088,0.01947878323639,0.1170612034808835,0.0100942857013638,0.1137669042403337,0.739130437374115,0.532608687877655,0.739130437374115,0.52173912525177,0.0201714038848876,0.0053317546844482,16.75757646560669,0.0514094829559326,0.4767201244831085,0.9321662783622742,0.0570924330464943,0.79347825050354,442.5280706882477
house,9,0.05,1.2653003,1.7125353,2.156791151921223,1.7082881927490234,0.9602220166512488,0.9625346901017576,0.967622571692877,0.9629971981048584,0.0210934763487335,0.0283583601099136,0.0275243851697717,0.0338560719044609,0.8165137767791748,0.7981651425361633,0.8256880640983582,0.8230088353157043,0.019824743270874,0.0112106800079345,0.4696543216705322,0.1638128757476806,1.5440462827682495,0.9634597301483154,0.0129503553516391,0.8256880640983582,879.7365026473999
rf1,1,0.1,0.27574348,0.5906051,0.511595964570102,0.2615545988082886,0.8949671772428884,0.8894967177242888,0.8982494529540481,0.8807439804077148,0.0498901170932057,0.1030709299433877,0.0314826229932479,0.083580145985917,0.70652174949646,0.4947368502616882,0.7234042286872864,0.47826087474823,0.0488388538360595,0.0090000629425048,4.843329429626465,0.1836414337158203,0.4277291893959045,0.8971553444862366,0.0290854564852981,0.7368420958518982,434.3158843517304
casp,6,0.1,1.298915,1.5829954,1.5542582561242353,1.305431842803955,0.90074333187582,0.9035854831657192,0.8944031482291211,0.9005246758460999,0.0117615755126813,0.041145994938316,0.0497151092075739,0.0242248551640375,0.8253275156021118,0.8251599073410034,0.7779960632324219,0.8275108933448792,0.0393688678741455,0.0149629116058349,2.0486807823181152,0.3152248859405517,1.337342381477356,0.900743305683136,0.0164858062127241,0.8311688303947449,2056.1505856513977
casp,0,0.1,1.3745311,1.5937122,1.551259282566181,1.305246353149414,0.8994315697420201,0.8996501967643201,0.9011805859204196,0.8952776789665222,0.0205052223688042,0.0508538787117592,0.0463063766211376,0.0205093382302064,0.8099352121353149,0.7973856329917908,0.8056768774986267,0.8082788586616516,0.0399518013000488,0.0153732299804687,2.08050799369812,0.3218212127685547,1.3230782747268677,0.9011805653572084,0.0219953441944298,0.837067186832428,1916.2269990444183
casp,4,0.1,1.4777408,1.6263496,1.538038100198546,1.3449389934539795,0.9029296020988196,0.9024923480542196,0.9000874508089199,0.9033668637275696,0.0278979374645666,0.0531702463008029,0.0435937007385154,0.0365978759687922,0.8308026194572449,0.8025209903717041,0.811279833316803,0.8209607005119324,0.0400731563568115,0.0137174129486083,2.053822755813598,0.3305134773254394,1.2820149660110474,0.900961935520172,0.0118067254622278,0.8378947377204895,2115.397214651108
rf1,3,0.1,0.29555616,0.5983963,0.5651841818561568,0.2836376428604126,0.9135667396061268,0.8949671772428884,0.9299781181619255,0.891684889793396,0.0409367818184702,0.1039356389518458,0.0374515259365401,0.0925563096255645,0.75,0.5531914830207825,0.782608687877655,0.563829779624939,0.0500097274780273,0.0093147754669189,4.8462560176849365,0.1760663986206054,0.4707127511501312,0.8960612416267395,0.0260301517050079,0.717391312122345,460.5327281951904
house,4,0.05,1.2415696,1.5440122,1.8942494007485733,1.3232197761535645,0.9588344125809436,0.9551341350601296,0.9500462534690102,0.9495837092399596,0.0116595101152827,0.0236393448004577,0.0328834189036253,0.0341821756583214,0.8407079577445984,0.7706422209739685,0.7339449524879456,0.7857142686843872,0.0171306133270263,0.0096192359924316,0.460587739944458,0.1643648147583007,1.551998257637024,0.9648473858833312,0.017945010220461,0.8656716346740723,911.2693526744844
casp,2,0.1,1.2933257,1.563354,1.5036958237272589,1.2980369329452517,0.9090511587232182,0.9000874508089199,0.8952776563183209,0.9000874757766724,0.0078709704942285,0.0462619931893612,0.0440310917859543,0.0208996770566405,0.846960186958313,0.7878788113594055,0.811965823173523,0.7925764322280884,0.0409767627716064,0.0154423713684082,2.0451972484588623,0.3355278968811035,1.365833401679993,0.9101442694664,0.0169647265831888,0.8427947759628296,2302.835577249527
house,5,0.05,1.2935764,1.6842792,1.8000380776669336,1.422419786453247,0.9481961147086032,0.9472710453283996,0.9444958371877892,0.9463459849357604,0.0214201130475758,0.0436703496055376,0.0388178987268426,0.03760874138339,0.778761088848114,0.752293586730957,0.7155963182449341,0.7614678740501404,0.02667236328125,0.0121741294860839,0.5627148151397705,0.1839025020599365,1.4103944301605225,0.9500462412834167,-0.0007430911701439,0.8440366983413696,942.0561044216156
rf1,0,0.1,0.29133886,0.5897856,0.4532702699531526,0.2887268960475921,0.926695842450766,0.9048140043763676,0.899343544857768,0.9157549142837524,0.043535716178746,0.115956297456513,0.0477115306483155,0.1061106263513873,0.79347825050354,0.5263158082962036,0.72826087474823,0.54347825050354,0.0551376342773437,0.0194060802459716,28.03001928329468,0.1728639602661132,0.4663122892379761,0.9299781322479248,0.0461430550795564,0.7857142686843872,475.06302642822266
rf1,4,0.1,0.27435634,0.5808844,0.587924581183245,0.2726640105247497,0.9048140043763676,0.8894967177242888,0.8862144420131292,0.9070022106170654,0.045725101567901,0.1194607683082231,0.0144226232162289,0.0872911909768612,0.7052631378173828,0.532608687877655,0.7204301357269287,0.6413043737411499,0.0522933006286621,0.0159337520599365,32.49135661125183,0.2704639434814453,0.4814247488975525,0.9157549142837524,0.0455245448785208,0.75,495.33872056007385
rf1,8,0.1,0.27420425,0.5811,0.5010381867637846,0.2880365550518036,0.9004376367614879,0.8851203501094091,0.9026258205689278,0.9157549142837524,0.0127016227782069,0.1212346227678859,0.0279817509334781,0.1061178327845158,0.7368420958518982,0.4456521868705749,0.7142857313156128,0.5652173757553101,0.0211102962493896,0.0052976608276367,35.00525879859924,0.0554509162902832,0.4429280459880829,0.8993435502052307,0.0473080027807097,0.717391312122345,448.11742544174194
rf1,2,0.1,0.30660155,0.5922824,0.5293830509650505,0.2750061452388763,0.9070021881838074,0.8971553610503282,0.9146608315098468,0.8927789926528931,0.0358974468011523,0.0963045822638459,0.0126680012086572,0.0846922579179874,0.739130437374115,0.5319148898124695,0.7676767706871033,0.5161290168762207,0.0611414909362793,0.0143289566040039,30.6240234375,0.2586953639984131,0.4456589221954345,0.882932186126709,0.0558133716462417,0.6559139490127563,467.01439476013184
rf1,6,0.05,0.32482684,0.85608673,0.4855344224159125,0.3176880478858948,0.962800875273523,0.9452954048140044,0.9354485776805253,0.949671745300293,0.0037272645375867,0.0687924178364054,0.0289947792373175,0.0343421661523786,0.804347813129425,0.5,0.6521739363670349,0.695652186870575,0.0200238227844238,0.0069515705108642,13.36715531349182,0.064908742904663,0.555270791053772,0.9660831689834596,0.0127941007292865,0.7916666865348816,458.6322047710418
rf1,7,0.05,0.3221159,0.7873668,0.5656216473399017,0.3098371922969818,0.9540481400437636,0.9442013129102844,0.9617067833698032,0.9660831689834596,0.0305086217355794,0.0733039170315707,0.0125893312016528,0.0470191645756831,0.7200000286102295,0.4565217494964599,0.804347813129425,0.717391312122345,0.0160048007965087,0.0050961971282958,2.840435266494751,0.0512053966522216,0.6096783876419067,1.0,0.0500000119209289,1.0,398.76457047462463
rf1,5,0.05,0.3132765,0.9154129,0.584408327782089,0.3275760114192962,0.9595185995623632,0.9518599562363238,0.9617067833698032,0.9595186114311218,0.0078736642742345,0.0678148170122547,0.0185005787885962,0.0510826955519946,0.782608687877655,0.5869565010070801,0.760869562625885,0.739130437374115,0.0230841636657714,0.0061376094818115,17.954131841659546,0.0741889476776123,0.5879420042037964,1.0,0.0500000119209289,1.0,443.91025400161743
casp,1,0.1,1.3141389,1.5042057,1.408827979595994,1.2707250118255615,0.8882815916047223,0.8854394403148229,0.8860953213817228,0.8889374732971191,0.020160933907244,0.0439018059534038,0.0461325580839906,0.0162235974493495,0.8056155443191528,0.769565224647522,0.7782608866691589,0.8132780194282532,0.0403716564178466,0.0163652896881103,2.0019307136535645,0.3613312244415283,1.3055007457733154,0.8935286402702332,0.006386190990629,0.8269230723381042,2072.3957846164703
casp,5,0.1,1.393175,1.5409371,1.600305474684344,1.2636957168579102,0.8987756886751203,0.8874070835155226,0.8915609969392216,0.8876256942749023,0.0264121245893729,0.0557971122823598,0.0467446319304094,0.0266681511431693,0.8013100624084473,0.774193525314331,0.7821229100227356,0.807860255241394,0.0409069061279296,0.0139927864074707,1.9737861156463623,0.3574166297912597,1.2900371551513672,0.8968080282211304,0.0083053901938996,0.8224101662635803,2011.1695713996887
rf1,9,0.1,0.2746137,0.66948,0.5997734056088734,0.2808963656425476,0.8894967177242888,0.924507658643326,0.9201312910284464,0.9179431200027466,0.0608166708657313,0.0971452736692772,0.0356728693719226,0.0886242880761383,0.6702127456665039,0.6847826242446899,0.77173912525177,0.6413043737411499,0.0233001708984375,0.0075693130493164,5.872937679290772,0.0658402442932128,0.4740546643733978,0.9398249387741088,0.0556068168247396,0.7864077687263489,474.9820868968964
rf2,0,0.1,0.50396043,0.86070603,0.981648844588748,0.573971152305603,0.9223194748358862,0.9004376367614879,0.912472647702407,0.92231947183609,0.0547012730274144,0.1216513687716885,0.0641169896421006,0.0945283313187823,0.77173912525177,0.7368420958518982,0.7634408473968506,0.75,0.0275721549987792,0.0080122947692871,30.57523488998413,0.0642204284667968,0.4343249797821045,0.9157549142837524,0.0474629332652315,0.739130437374115,428.61208415031433
rf2,1,0.1,0.29755807,0.56623554,0.7595956074103271,0.317182183265686,0.9026258205689278,0.8829321663019694,0.924507658643326,0.8687089681625366,0.0024223929230947,0.0892752167799591,0.0481510987577012,0.0846754425675677,0.7368420958518982,0.704081654548645,0.760869562625885,0.6630434989929199,0.0249137878417968,0.0059649944305419,16.810702800750732,0.0747346878051757,0.439353197813034,0.9113785624504088,0.04833845296207,0.75,462.6194109916687
casp,7,0.1,1.3268638,1.5642403,1.5759245357551288,1.2455028295516968,0.8952776563183209,0.9055531263664188,0.9134236991692172,0.891560971736908,0.0297294557959376,0.0413215767958515,0.038348422702121,0.0200704086752684,0.8122270703315735,0.8165938854217529,0.8165938854217529,0.7904967665672302,0.0419542789459228,0.0144400596618652,1.956620693206787,0.3184010982513428,1.273187279701233,0.9013991951942444,0.0064290101856784,0.843137264251709,1889.198264360428
rf1,8,0.05,0.30806607,0.88107586,0.5132150480779921,0.3005463778972626,0.962800875273523,0.9474835886214442,0.9726477024070022,0.9485777020454408,0.0104089451088158,0.0643169484474648,0.0256032051592268,0.0574545209181456,0.782608687877655,0.47826087474823,0.804347813129425,0.5714285969734192,0.0224783420562744,0.0068049430847167,15.741379022598268,0.0550119876861572,0.5116448402404785,0.949671745300293,0.0373242105713536,0.6739130616188049,427.5192391872406
rf2,2,0.1,0.348758,0.69157684,0.8781771430339299,0.3625361323356628,0.9135667396061268,0.9004376367614879,0.9212253829321664,0.8884026408195496,0.0376172611178388,0.098480767523112,0.064969690105317,0.0656458410580781,0.7473683953285217,0.7157894968986511,0.77173912525177,0.6630434989929199,0.028008222579956,0.0066359043121337,13.57773733139038,0.0734567642211914,0.4403473138809204,0.9146608114242554,0.0544730814242158,0.739130437374115,435.64648032188416
rf2,3,0.1,0.31634918,0.58724606,0.8539718067060645,0.3423932790756225,0.9080962800875274,0.8698030634573304,0.8807439824945296,0.8960612416267395,0.0001945674222546,0.0881691074268256,0.0676190535699913,0.0903597063254588,0.7446808218955994,0.6914893388748169,0.6914893388748169,0.7096773982048035,0.0240006446838378,0.0086743831634521,18.46188163757324,0.0676279067993164,0.4375390708446502,0.9245076775550842,0.0522788860987866,0.75,459.0912036895752
rf2,8,0.1,0.31011334,0.6137198,0.7369944941016642,0.3465591967105865,0.9091903719912472,0.9004376367614879,0.888402625820569,0.9015317559242249,0.0166408507607616,0.0934222193556863,0.0610928987329989,0.0894865935510081,0.7551020383834839,0.7263157963752747,0.6847826242446899,0.7340425252914429,0.0221307277679443,0.0063991546630859,26.53706312179565,0.0534999370574951,0.4448697566986084,0.9037199020385742,0.046613833407901,0.7352941036224365,423.56548261642456
casp,3,0.1,1.4831486,1.6524347,1.62174605246155,1.3394999504089355,0.8985570616528203,0.8979011805859204,0.8979011805859204,0.8985570669174194,0.0095774073738806,0.0458243546552781,0.0454294755000388,0.0283800589973157,0.8209607005119324,0.812636137008667,0.8214285969734192,0.8318777084350586,0.0490500926971435,0.0133495330810546,2.013312339782715,0.4940071105957031,1.3397612571716309,0.9013991951942444,0.0206837696336416,0.8336933255195618,2063.716068029404
rf2,4,0.1,0.33325416,0.64935875,0.90417232211805,0.3381255269050598,0.8927789934354485,0.9070021881838074,0.9135667396061268,0.8741794228553772,0.0439884773769915,0.0956140187168482,0.0433219371755109,0.0645349248969031,0.6914893388748169,0.7311828136444092,0.747474730014801,0.695652186870575,0.0257496833801269,0.0083217620849609,57.44972467422485,0.1069116592407226,0.4354686439037323,0.9256017208099364,0.064966087147172,0.75,2411.116647005081
rf2,5,0.1,0.3303696,0.63934606,0.8174889271402365,0.3559035360813141,0.9080962800875274,0.9004376367614879,0.9037199124726476,0.8949671983718872,0.0363502205223505,0.1111079216876746,0.0429135993673358,0.0923593483235766,0.7448979616165161,0.7204301357269287,0.7473683953285217,0.72826087474823,0.0312554836273193,0.0088636875152587,55.05610537528992,0.0746908187866211,0.4327069818973541,0.9070022106170654,0.0514285834238048,0.70652174949646,443.98933148384094
rf1,1,0.05,0.32455122,0.9521286,0.522770978985544,0.2785229384899139,0.9573304157549234,0.9442013129102844,0.973741794310722,0.9277899265289308,0.011049066775054,0.0662889636222187,0.0270083574613622,0.0498973203895113,0.760869562625885,0.52173912525177,0.8199999928474426,0.5416666865348816,0.0417394638061523,0.0091946125030517,4.759241819381714,0.1723654270172119,0.5040104985237122,0.9442012906074524,0.0145337224235722,0.6739130616188049,431.5046806335449
rf2,7,0.1,0.3173018,0.6113771,0.7932871660744998,0.3400695323944092,0.8905908096280087,0.9037199124726476,0.901531728665208,0.8982494473457336,0.0540371160066815,0.1129298157930474,0.0606029041306089,0.0905614739086279,0.7157894968986511,0.739130437374115,0.6914893388748169,0.70652174949646,0.0265400409698486,0.0076825618743896,35.126054763793945,0.0713589191436767,0.4095706641674042,0.8927789926528931,0.0351720426960663,0.739130437374115,437.651207447052
rf1,3,0.05,0.33030647,0.92843026,0.5808483517957057,0.3199452757835388,0.9584245076586432,0.9431072210065644,0.9573304157549234,0.9463894963264464,0.0182849990951473,0.0631291731430561,0.0206809646165715,0.0419053689979514,0.7708333134651184,0.5625,0.7708333134651184,0.6304348111152649,0.0396051406860351,0.0089445114135742,4.542137622833252,0.1734461784362793,0.6085534691810608,1.0,0.0500000119209289,1.0,457.75939440727234
rf2,6,0.1,0.39923066,0.68444264,0.8899612054312503,0.4232834577560425,0.888402625820569,0.8829321663019694,0.9277899343544858,0.9146608114242554,0.0157497159111702,0.1100450483033057,0.059519622352097,0.0884045059799911,0.7021276354789734,0.6847826242446899,0.7340425252914429,0.71875,0.0334577560424804,0.011695384979248,47.523075342178345,0.0774052143096923,0.4560634791851043,0.8763676285743713,0.031081491874473,0.6881720423698425,419.523672580719
casp,0,0.05,1.7505739,1.9634985,2.228976521729031,1.6198810338974,0.9508089199825098,0.9457804984696108,0.9462177525142108,0.9490599036216736,0.0113907777680808,0.0246841526475084,0.0278522116347855,0.0041337318734344,0.8602620363235474,0.8468084931373596,0.8468084931373596,0.864628791809082,0.0250763893127441,0.0101301670074462,1.9441399574279783,0.3304946422576904,1.6913888454437256,0.948185384273529,0.0061231391284593,0.8558952212333679,2157.183988571167
casp,6,0.05,1.6709775,1.9783815,2.111821114246919,1.6275123357772827,0.9514648010494096,0.9444687363358112,0.9418452120682116,0.9449059963226318,0.0096199295869183,0.0220601247340247,0.0227607475563382,0.0087671774502835,0.8777292370796204,0.8515284061431885,0.8602620363235474,0.8602620363235474,0.0263519287109375,0.0110189914703369,1.976650714874268,0.3147497177124023,1.735542058944702,0.9549628496170044,0.0082864309317401,0.8608695864677429,4032.066274166107
rf2,1,0.05,0.34407595,0.9358321,0.7768692015469073,0.3536216616630554,0.962800875273523,0.9442013129102844,0.9671772428884028,0.9299781322479248,0.0118056897335937,0.0613679292860141,0.0244112266675563,0.0449546662399462,0.782608687877655,0.7222222089767456,0.7966101765632629,0.695652186870575,0.0212805271148681,0.0064115524291992,11.588517665863035,0.0693869590759277,0.5027654767036438,1.0,0.0500000119209289,1.0,906.6733493804932
casp,4,0.05,1.8480879,2.0312614,2.3662008778772696,1.6820857524871826,0.9508089199825098,0.94993441189331,0.954744206383909,0.9547442197799684,0.0113044482092748,0.0249223438223643,0.0235895370213207,0.008505967791837,0.8644067645072937,0.847161591053009,0.8602620363235474,0.8820960521697998,0.0261404514312744,0.011646032333374,1.925057411193848,0.3263585567474365,1.7608060836791992,0.9564931988716124,0.0113899221606561,0.8765957355499268,2012.289383172989
rf2,0,0.05,0.56885695,1.0914897,1.0071138364757852,0.5583611726760864,0.9551422319474836,0.948577680525164,0.9693654266958424,0.9474835991859436,0.0363309992903783,0.0607308072105496,0.0320554952281291,0.0639980869021765,0.7599999904632568,0.717391312122345,0.782608687877655,0.695652186870575,0.0210640430450439,0.0107729434967041,24.152129411697388,0.0639503002166748,0.5055960416793823,1.0,0.0500000119209289,1.0,474.7262406349182
rf1,9,0.05,0.3087506,1.0207062,0.6035908632740463,0.3323618769645691,0.9387308533916848,0.9726477024070022,0.949671772428884,0.9715536236763,0.0301957598944036,0.0484741590534582,0.0137656921969013,0.0391707293294195,0.7083333134651184,0.717391312122345,0.760869562625885,0.739130437374115,0.01875901222229,0.0076112747192382,5.170743703842163,0.0641670227050781,0.5304924845695496,0.9671772718429564,0.033832953159912,0.7799999713897705,433.2738842964173
rf2,8,0.05,0.3576039,0.90792555,0.7683237231685556,0.4020422995090484,0.9606126914660832,0.9551422319474836,0.9518599562363238,0.9595186114311218,0.0029580335906838,0.0563303999211318,0.0251654411360128,0.0485870506085841,0.795918345451355,0.7400000095367432,0.739130437374115,0.739130437374115,0.0170462131500244,0.0058846473693847,33.40961766242981,0.0538685321807861,0.4715651571750641,1.0,0.0500000119209289,1.0,430.6484558582306
casp,2,0.05,1.6041108,1.9332952,2.5257299217627533,1.6512032747268677,0.94971578487101,0.9475295146480104,0.94949715784871,0.9486226439476012,0.0023857194084123,0.0198042153498219,0.0216198809190698,0.0084157562525263,0.8689956068992615,0.8497853875160217,0.8515284061431885,0.864628791809082,0.0264723300933837,0.0110645294189453,1.93538236618042,0.3209896087646484,1.7962357997894287,0.9573677182197572,0.0068220020719751,0.8951964974403381,2106.5189230442047
rf2,2,0.05,0.38779652,0.9080732,0.8920893740851024,0.4003842771053314,0.9474835886214442,0.9529540481400438,0.973741794310722,0.9321662783622742,0.0128991824925028,0.0604239560373336,0.0235279042198372,0.0423395217177259,0.695652186870575,0.7551020383834839,0.8297872543334961,0.6739130616188049,0.0219011306762695,0.0054934024810791,12.889365196228027,0.0733985900878906,0.4833886325359344,1.0,0.0500000119209289,1.0,347.99057149887085
rf2,9,0.1,0.35244843,0.76142186,0.9042280539584848,0.3637881577014923,0.9113785557986872,0.9354485776805253,0.9420131291028446,0.8982494473457336,0.0743998211453657,0.0709277784488641,0.0713241040652946,0.0767993857150019,0.72826087474823,0.79347825050354,0.7916666865348816,0.7113401889801025,0.02911376953125,0.0102934837341308,49.2337327003479,0.0702636241912841,0.4326516985893249,0.8840262293815613,0.0416153250847007,0.70652174949646,440.6135842800141
rf2,3,0.05,0.35820395,0.87478215,0.861501850506014,0.3776364028453827,0.948577680525164,0.9452954048140044,0.948577680525164,0.9474835991859436,0.0045877674982754,0.0682729912550107,0.0348856121693575,0.03706960278374,0.739130437374115,0.6739130616188049,0.739130437374115,0.717391312122345,0.023616075515747,0.0085401535034179,18.189087867736816,0.0698778629302978,0.5555847883224487,1.0,0.0500000119209289,1.0,353.2629897594452
rf1,0,0.05,0.33066317,0.93134886,0.4637964562322833,0.3178869783878326,0.9649890590809628,0.9452954048140044,0.9638949671772428,0.9387308359146118,0.0180496075873059,0.0702233910517657,0.0089761701538162,0.0608328901632608,0.804347813129425,0.5,0.804347813129425,0.4680851101875305,0.0506784915924072,0.0131227970123291,32.12154459953308,0.2549891471862793,0.6034523248672485,1.0,0.0500000119209289,1.0,519.8743073940277
rf1,2,0.05,0.34128684,0.8240238,0.5449032125878633,0.2992339432239532,0.9529540481400438,0.949671772428884,0.950765864332604,0.9463894963264464,0.0101753485587196,0.0651474291015686,0.0158848306413012,0.0425526999621207,0.7551020383834839,0.5199999809265137,0.695652186870575,0.5744680762290955,0.0453391075134277,0.0144948959350585,26.21032691001892,0.179699420928955,0.50575190782547,0.9638949632644652,0.0123803603107246,0.7735849022865295,445.1710739135742
rf1,4,0.05,0.31148055,0.8521806,0.6017258542585596,0.2882396578788757,0.9529540481400438,0.9442013129102844,0.925601750547046,0.9376367330551147,0.0246183937300162,0.0667201172752165,0.0188080166257094,0.0394961908136639,0.7446808218955994,0.54347825050354,0.695652186870575,0.6170212626457214,0.0504720211029052,0.0179119110107421,27.18094253540039,0.1823756694793701,0.5529199838638306,0.9682713150978088,0.0320554934027301,0.782608687877655,467.9910683631897
rf2,4,0.05,0.3780814,0.919674,0.9062637710583308,0.4006193280220032,0.9442013129102844,0.9518599562363238,0.9387308533916848,0.9529540538787842,0.011835106821638,0.0489977862135838,0.0235158818502408,0.0591947467572079,0.7234042286872864,0.739130437374115,0.739130437374115,0.739130437374115,0.0236191749572753,0.0072436332702636,51.80662727355957,0.0698161125183105,0.4954688847064972,1.0,0.0500000119209289,1.0,411.90367364883423
biais,0,0.1,1.0837196,1.0713264,1.4001609741490622,1.0555319786071775,0.9072164948453608,0.9033505154639176,0.9265463917525774,0.8801546096801758,0.0134044715488519,0.0149065412658615,0.0353134964792268,0.0391563230590252,0.7317073345184326,0.7435897588729858,0.7692307829856873,0.6582278609275818,0.0121951103210449,0.0038583278656005,74.47624802589417,0.0416359901428222,1.336097002029419,0.8904638886451721,0.0487262233354712,0.7051281929016113,352.0626714229584
rf2,5,0.05,0.3797729,0.9396095,0.8230826515100903,0.3970257639884949,0.9595185995623632,0.949671772428884,0.9387308533916848,0.9518599510192872,0.043012078319635,0.0707728422547807,0.0239776637399117,0.042779687450561,0.717391312122345,0.695652186870575,0.7142857313156128,0.7083333134651184,0.0236725807189941,0.0081853866577148,50.090967893600464,0.0745890140533447,0.493303120136261,1.0,0.0500000119209289,1.0,427.8062474727631
taxi,0,0.1,3.3283918,3.4434383,3.264872799275153,3.2724380493164062,0.901794453507341,0.899673735725938,0.8862969004893965,0.8970636129379272,0.0154649314444761,0.0323327942734635,0.0405872771634946,0.0198694940103403,0.8504672646522522,0.8042071461677551,0.7349593639373779,0.8254486322402954,0.0652825832366943,0.0232040882110595,2.829156875610352,0.3285369873046875,2.7649545669555664,0.90179443359375,0.0073409531283728,0.8499184250831604,2641.644101858139
rf2,7,0.05,0.36115536,0.88758206,0.8154460752688368,0.3889937102794647,0.9452954048140044,0.949671772428884,0.9474835886214442,0.9551422595977784,0.0366492569514568,0.0737446793427247,0.0462943671924075,0.0541560158818031,0.717391312122345,0.7307692170143127,0.6739130616188049,0.7234042286872864,0.0235486030578613,0.0044398307800292,38.92550277709961,0.0697474479675293,0.4700556695461273,0.940919041633606,0.0316261336623473,0.7234042286872864,426.3525688648224
biais,2,0.1,1.068871,1.1383336,1.3105556172253785,1.1139150857925415,0.8969072164948454,0.895618556701031,0.8969072164948454,0.8981958627700806,0.0211166278955066,0.0394177041396905,0.0319818095336579,0.0255202698392055,0.737500011920929,0.707317054271698,0.7241379022598267,0.7160493731498718,0.0144727230072021,0.0045833587646484,2.564926862716675,0.0567893981933593,1.4088776111602783,0.8865979313850403,0.0195847750341133,0.6666666865348816,475.6217885017395
biais,1,0.1,1.1189384,1.2554817,1.2508797118336523,1.1885812282562256,0.9033505154639176,0.9317010309278352,0.8685567010309279,0.9317010045051576,0.0072059585990937,0.0515335138165526,0.0500115763835417,0.0203507186757127,0.6987951993942261,0.7692307829856873,0.6538461446762085,0.7692307829856873,0.0134570598602294,0.0055294036865234,2.579341650009156,0.0617620944976806,1.4923769235610962,0.93427836894989,0.025253946252654,0.7777777910232544,441.938640832901
casp,1,0.05,1.6355137,1.9255791,2.335353289063822,1.5780318975448608,0.939440314822912,0.9433756012243112,0.9444687363358112,0.9414079785346984,0.0085690874878136,0.0244852291154319,0.0164625321121793,0.0052263803543405,0.8247863054275513,0.824999988079071,0.8500000238418579,0.8528138399124146,0.0263609886169433,0.0131001472473144,1.9917199611663816,0.3553469181060791,1.648491144180298,0.9418452382087708,0.0053555198311641,0.8547008633613586,2000.377435207367
casp,5,0.05,1.7764817,1.892719,2.2039578296206344,1.5751723051071167,0.9521206821163096,0.9368167905553126,0.9457804984696108,0.9374727010726928,0.0100563940651124,0.0245942778410646,0.0180361623073621,0.0132053116380764,0.8777292370796204,0.8253275156021118,0.847161591053009,0.8530611991882324,0.0287520885467529,0.0130755901336669,2.04447865486145,0.3654792308807373,1.7080843448638916,0.9532138109207152,0.0062508456614148,0.8791666626930237,4200.335247755051
biais,3,0.1,1.0579978,1.0627383,1.3245839669087882,1.039049744606018,0.9072164948453608,0.9007731958762888,0.9123711340206184,0.8891752362251282,-0.0157286941107883,0.0221819698583793,0.0046236650129307,0.019849459718731,0.7283950448036194,0.7307692170143127,0.762499988079071,0.7051281929016113,0.0125463008880615,0.0042135715484619,4.430659294128418,0.0631244182586669,1.1921026706695557,0.8724226951599121,0.0339834424796629,0.6987951993942261,377.10183691978455
biais,0,0.05,1.309157,1.3629321,1.667309507651801,1.3227297067642212,0.9548969072164948,0.9561855670103092,0.9871134020618556,0.9471649527549744,0.0083813110129511,0.0149578223985714,0.0434317733701149,0.0027138140252841,0.692307710647583,0.7804877758026123,0.8461538553237915,0.692307710647583,0.007704734802246,0.0041162967681884,2.175427198410034,0.0424592494964599,1.5823615789413452,0.9304123520851136,0.0134185216927745,0.6904761791229248,332.55861473083496
casp,7,0.05,1.6996657,1.9812672,2.248091030802776,1.599329948425293,0.9486226497595104,0.9556187144731088,0.959772627896808,0.9505903124809264,0.003213021164496,0.0210990485542523,0.0192175462431502,0.0076962397098569,0.847161591053009,0.8622047305107117,0.864628791809082,0.875,0.0276181697845459,0.0137498378753662,1.9942641258239744,0.3180978298187256,1.632472038269043,0.9462177753448486,-0.0025345898768997926,0.8558952212333679,4276.476471662521
rf2,6,0.05,0.4458586,0.97901064,0.9031205424875082,0.4793477356433868,0.9463894967177244,0.948577680525164,0.9704595185995624,0.9606127142906188,0.0037248576137673,0.059821663069337,0.0325016604045099,0.0485804449314327,0.7551020383834839,0.717391312122345,0.782608687877655,0.7446808218955994,0.0282282829284667,0.0110344886779785,43.60774278640747,0.0780723094940185,0.5540730357170105,1.0,0.0500000119209289,1.0,423.26186442375183
rf2,9,0.05,0.40110052,1.0113332,0.9235115369966582,0.4305728077888489,0.9617067833698032,0.973741794310722,0.9715536105032824,0.9562363028526306,0.0163147864388695,0.0502107832415042,0.0395136110919921,0.019163521775854,0.739130437374115,0.8039215803146362,0.760869562625885,0.7659574747085571,0.0246627330780029,0.006955862045288,43.48849534988403,0.0685837268829345,0.5203195810317993,1.0,0.0500000119209289,1.0,450.5634529590607
casp,3,0.05,1.8341757,2.0342586,2.2907813867577125,1.6483582258224487,0.9479667686926104,0.9490599038041102,0.9462177525142108,0.945343255996704,0.0157426087612061,0.0283767556062556,0.0147133990493599,0.01254735607947,0.867521345615387,0.8534482717514038,0.8403361439704895,0.867521345615387,0.0310420989990234,0.0126731395721435,2.0133209228515625,0.3256940841674804,1.77715003490448,0.9549628496170044,0.0096868454036896,0.8765957355499268,2033.417396306992
taxi,1,0.1,3.2652237,3.3974836,3.291209716782163,3.2363855838775635,0.899184339314845,0.903099510603589,0.89836867862969,0.9021207094192504,0.0076019559754438,0.0269494343737404,0.0360522089735718,0.0198694979386072,0.8444084525108337,0.8106416463851929,0.7377567291259766,0.8276422619819641,0.062922716140747,0.0209302902221679,3.172431230545044,0.307626724243164,1.6370384693145752,0.8957585692405701,0.0056769933825021,0.8240740895271301,2731.2540340423584
casp,9,0.1,1.3997027,1.5973129,1.5599484141697142,1.3111404180526731,0.9129864451246174,0.9073021425448186,0.9138609532138172,0.9092698097229004,0.0208564424611128,0.0461750426324177,0.0293866277500776,0.0159185127672539,0.8340611457824707,0.8103448152542114,0.8217213153839111,0.8380129337310791,0.0615661144256591,0.0272300243377685,4.674974203109741,0.7891530990600586,1.3255103826522827,0.9097070693969728,0.0216457200308925,0.8305439352989197,1787.4713246822355
biais,7,0.1,1.0025183,1.090291,1.22474301210662,1.0493810176849363,0.8685567010309279,0.8904639175257731,0.9097938144329896,0.8994845151901245,0.0221604432874321,0.0265657585469822,0.0389164691665529,0.0185210968503486,0.6829268336296082,0.6835442781448364,0.7530864477157593,0.7250000238418579,0.0170023441314697,0.0057311058044433,14.707510232925417,0.0624997615814209,1.4337841272354126,0.938144326210022,0.0353250852037402,0.8048780560493469,347.8263065814972
biais,2,0.05,1.3124324,1.3653367,1.4781622485173145,1.3416301012039185,0.9587628865979382,0.9600515463917526,0.9510309278350516,0.9613401889801024,0.0171505435633205,0.023839542796732,0.0139536865039538,0.0188436787871904,0.7435897588729858,0.7674418687820435,0.7435897588729858,0.7692307829856873,0.0090408325195312,0.0045194625854492,2.744363307952881,0.0610103607177734,1.7144124507904053,0.9510309100151062,0.0095748599823887,0.7142857313156128,518.1341333389282
casp,8,0.1,1.332088,1.5134591,1.4986238932111096,1.2774031162261963,0.9055531263664188,0.8992129427197202,0.90030607783122,0.9029296040534972,0.0144311164219718,0.0396581698510817,0.0420635932600628,0.0210788455788138,0.8369565010070801,0.8144105076789856,0.8100436925888062,0.8340425491333008,0.077714204788208,0.0341956615447998,4.397351741790772,0.8618466854095459,1.351776123046875,0.9090511798858644,0.020985579125298,0.8449781537055969,1845.089133024216
biais,9,0.1,1.0197833,1.0614797,1.1894181082745614,1.0236718654632568,0.8865979381443299,0.8891752577319587,0.8788659793814433,0.8943299055099487,0.0342481397596442,0.0409942106474915,0.0453928827490069,0.0293531877684928,0.7093023061752319,0.692307710647583,0.6794871687889099,0.7142857313156128,0.0136868953704833,0.0039186477661132,9.987821102142334,0.0583524703979492,1.3100398778915403,0.8956185579299927,0.0002878360535311,0.737500011920929,393.3117322921753
biais,3,0.05,1.2303733,1.3069955,1.4945922645661394,1.2462581396102903,0.9458762886597938,0.9458762886597938,0.9510309278350516,0.9432989954948424,0.0033316792526749,0.0139272146603605,0.0119751895745989,0.001182795973037,0.7250000238418579,0.738095223903656,0.7435897588729858,0.738095223903656,0.010268211364746,0.0036237239837646,3.9767637252807617,0.0613534450531005,1.472448468208313,0.935567021369934,0.019459878393596,0.7272727489471436,370.6915032863617
biais,1,0.05,1.4359077,1.5469552,1.4993921509117394,1.48750638961792,0.963917525773196,0.9690721649484536,0.9265463917525774,0.967783510684967,0.0042547625387079,0.0230587354092878,0.0378792360935258,0.0077096851006137,0.7692307829856873,0.7948718070983887,0.6666666865348816,0.7692307829856873,0.0130145549774169,0.0052623748779296,2.6737005710601807,0.066941499710083,1.9479442834854128,0.984536111354828,0.0318147341863886,0.8703703880310059,530.281311750412
biais,8,0.1,1.0593972,1.0786695,1.2597527790844627,1.072772979736328,0.9059278350515464,0.8930412371134021,0.9149484536082474,0.9007731676101683,0.0229214302817093,0.0628668357184152,0.052337477155911,0.0538296170270176,0.7051281929016113,0.6904761791229248,0.7435897588729858,0.7051281929016113,0.2077980041503906,0.0073521137237548,14.05670952796936,0.388866662979126,1.307568073272705,0.9007731676101683,0.0149115009737764,0.6913580298423767,635.0867676734924
scm1d,2,0.1,1.1890315,1.5507772,1.7924160722960203,1.3226128816604614,0.9143730886850152,0.9031600407747196,0.8674821610601428,0.8980631828308105,0.0331140720250259,0.1203864227338589,0.0335481083036197,0.1206008631602897,0.7669903039932251,0.5656565427780151,0.6868686676025391,0.5523809790611267,0.0374741554260253,0.0055124759674072,4.320846319198608,0.0551915168762207,1.2948720455169678,1.0,0.1000000238418579,1.0,487.62621998786926
biais,4,0.1,1.000021,1.0048858,1.1037369792261609,1.0023491382598877,0.8969072164948454,0.8827319587628866,0.8969072164948454,0.8917526006698608,0.0103043831804747,0.0577684023540014,0.0262894980309914,0.0448387154574429,0.7108433842658997,0.6790123581886292,0.7250000238418579,0.692307710647583,0.034794807434082,0.0091528892517089,26.938289165496823,0.1441004276275634,1.2953249216079712,0.8994845151901245,-0.0128800655535373,0.7179487347602844,1016.8067095279694
taxi,0,0.05,4.0727544,4.1171575,3.906447263769138,4.062962055206299,0.9535073409461664,0.9487765089722676,0.9432300163132136,0.9487764835357666,0.0118270841936108,0.0165579149229102,0.0220554655955627,0.0176182733663338,0.8899676203727722,0.8621794581413269,0.8121387362480164,0.8587570786476135,0.0455222129821777,0.0211362838745117,2.857320547103882,0.3310854434967041,3.3084259033203125,0.9543229937553406,0.008450250757849,0.8892508149147034,2503.004628181457
taxi,9,0.1,3.385858,3.4990783,3.3512145083581686,3.365741014480591,0.902936378466558,0.9024469820554648,0.8964110929853181,0.8986949324607849,0.0026753765140427,0.0257748858963684,0.0314192538549227,0.0235399688243088,0.8495145440101624,0.8019323945045471,0.7601957321166992,0.8196457624435425,0.0445630550384521,0.0137968063354492,3.7115464210510254,0.3851869106292724,2.789689540863037,0.9032626152038574,0.0050244793028465,0.8531810641288757,2309.890176057816
taxi,8,0.1,3.3444064,3.4638646,3.303595858155873,3.356276750564575,0.9092985318107668,0.9061990212071778,0.899510603588907,0.9086459875106812,0.0134747299440144,0.0236215427688051,0.0307014761313334,0.0189559667767747,0.8564437031745911,0.8075040578842163,0.7601957321166992,0.824367105960846,0.039090871810913,0.0159275531768798,3.62876296043396,0.4135608673095703,2.801125288009644,0.9123980402946472,0.0121370487073117,0.8646003007888794,2353.6339490413666
biais,5,0.1,1.1312708,1.1156111,1.1511436945816294,1.136199116706848,0.9252577319587628,0.9085051546391752,0.895618556701031,0.9329897165298462,0.0314144081592165,0.0278560863475941,0.0407229129118402,0.0373647842375674,0.7564102411270142,0.7469879388809204,0.707317054271698,0.7749999761581421,0.1968870162963867,0.0458936691284179,24.552581310272217,0.1569268703460693,1.342292547225952,0.9007731676101683,0.005386280463292,0.7407407164573669,969.9545979499816
biais,6,0.1,1.1677115,1.2270888,1.5486655983594904,1.1789135932922363,0.9252577319587628,0.9304123711340206,0.9420103092783504,0.9239690899848938,0.020607131138826,0.0278246655495724,0.0437948929977574,0.016701420862089,0.7564102411270142,0.7692307829856873,0.807692289352417,0.7721518874168396,0.0518364906311035,0.0154416561126708,24.81002855300904,0.1736049652099609,1.298951506614685,0.8853092789649963,0.0290951179669256,0.675000011920929,559.2125468254089
taxi,5,0.1,3.366036,3.4403167,3.39042432441861,3.357765913009644,0.9065252854812398,0.9057096247960847,0.9055464926590538,0.9097879528999328,0.0045677128662681,0.0288417705703909,0.0461990298493651,0.0286460149540986,0.8418604731559753,0.8199697136878967,0.7358185052871704,0.8321377038955688,0.0493483543395996,0.018247365951538,4.044211864471436,0.425041913986206,2.7467129230499268,0.9102773070335388,0.0086460213482282,0.8590704798698425,2685.7146606445312
taxi,7,0.1,3.3082998,3.4030743,3.3754810795141448,3.295376777648926,0.8986949429037521,0.8955954323001631,0.9040783034257748,0.8985317945480347,0.000489395088706,0.0245024508014199,0.0315497662464907,0.0210114233256553,0.8465266823768616,0.7918699383735657,0.7814029455184937,0.8085442781448364,0.0481626987457275,0.0166928768157959,3.91241455078125,0.4280869960784912,2.707044839859009,0.8988580703735352,0.0024796065848569,0.8384991884231567,2404.968052387237
taxi,4,0.1,3.3166714,3.4785457,3.408455320294031,3.3185014724731445,0.8946166394779772,0.8985318107667211,0.8988580750407831,0.8952691555023193,0.0002936225147465,0.0285155012401437,0.0309624875350255,0.0184665596699053,0.8408359885215759,0.790243923664093,0.7629870176315308,0.8156606554985046,0.0601763725280761,0.0169196128845214,3.9447062015533447,0.4281532764434814,2.778382062911988,0.907340943813324,0.0069820695755726,0.8482871055603027,2711.277351617813
taxi,6,0.1,3.28482,3.3922818,3.3567276723773585,3.2465920448303223,0.8970636215334421,0.8926590538336052,0.897716150081566,0.8928222060203552,0.0071778115012711,0.0270799359917446,0.039510610091939,0.0289070155453331,0.8349514603614807,0.7792207598686218,0.7435064911842346,0.8009787797927856,0.0502593517303466,0.0179619789123535,3.917225599288941,0.4230527877807617,2.7140254974365234,0.9058727622032166,0.0172267634950298,0.8478964567184448,2573.8684437274933
biais,7,0.05,1.2156959,1.323228,1.4240287138744874,1.2282384634017944,0.9394329896907216,0.9420103092783504,0.9716494845360824,0.94072163105011,0.0255020680735188,0.0251207635745812,0.0244731284193602,0.0186658396939781,0.6744186282157898,0.6904761791229248,0.8205128312110901,0.699999988079071,0.0125653743743896,0.00480318069458,17.4617760181427,0.0625209808349609,1.7316844463348389,0.9652062058448792,0.0193292081296887,0.761904776096344,332.8803391456604
biais,9,0.05,1.1831214,1.2630931,1.3962368974264912,1.2574474811553955,0.9291237113402062,0.9471649484536082,0.9574742268041238,0.9471649527549744,0.009775018406072,0.0119007463214612,0.0021811490289626,0.0097866037524959,0.6097561120986938,0.738095223903656,0.739130437374115,0.6585366129875183,0.0111820697784423,0.0058314800262451,10.96232271194458,0.0620355606079101,1.6241552829742432,0.9484536051750184,0.0191902432183375,0.7179487347602844,376.9778108596802
taxi,1,0.05,4.0636654,4.127403,3.8795535385227216,4.06506872177124,0.9546492659053832,0.9513866231647634,0.9481239804241436,0.951549768447876,0.0075040839819106,0.0133115855554577,0.0202773283784191,0.0150081600683937,0.8870967626571655,0.8606811165809631,0.8045602440834045,0.8697068691253662,0.0475733280181884,0.0205960273742675,3.100841522216797,0.3300874233245849,2.7212612628936768,0.9517129063606262,0.0058564474493216,0.8842443823814392,2754.7250411510468
scm1d,2,0.05,1.3002839,2.1226308,1.8181716166186543,1.746834397315979,0.9408766564729868,0.9480122324159022,0.9520897043832824,0.9480122327804564,0.014933184955968,0.0768113628182647,-0.0020983072836559,0.0707971698772496,0.6800000071525574,0.4799999892711639,0.7799999713897705,0.4600000083446502,0.0332906246185302,0.005176305770874,55.15565514564514,0.055283784866333,1.2948720455169678,1.0,0.0500000119209289,1.0,437.2344892024994
scm1d,0,0.1,1.1330417,1.521756,1.725512422504251,1.3015873432159424,0.8950050968399592,0.8837920489296636,0.872579001019368,0.8939857482910156,0.0306868348271812,0.1250968724288533,0.0373738723543163,0.1173438423793575,0.747474730014801,0.5454545617103577,0.6800000071525574,0.5555555820465088,0.047778844833374,0.0082767009735107,21.54821920394897,0.0829246044158935,1.2812914848327637,1.0,0.1000000238418579,1.0,478.4559330940247
scm1d,1,0.1,1.1510557,1.5452163,1.550976450425627,1.2684928178787231,0.9194699286442406,0.9062181447502548,0.9133537206931702,0.8980631828308105,0.0227463133357589,0.1116223075606471,0.0437159553545318,0.1157008314001786,0.7722772359848022,0.5959596037864685,0.7549019455909729,0.5555555820465088,0.048220157623291,0.0083081722259521,21.86182713508606,0.0762090682983398,1.270992875099182,1.0,0.1000000238418579,1.0,488.9042637348175
biais,8,0.05,1.2308804,1.3277701,1.3912087510270894,1.3247365951538086,0.9445876288659794,0.9600515463917526,0.9587628865979382,0.9561855792999268,0.0189710515919946,0.0236997584344139,0.0069404538423192,0.0264069523448486,0.7179487347602844,0.7560975551605225,0.7692307829856873,0.7435897588729858,0.0145714282989501,0.0060033798217773,13.412843465805054,0.2586486339569092,1.6181890964508057,0.9587628841400146,0.016325896141251,0.7674418687820435,605.2882509231567
scm1d,3,0.1,1.1232345,1.4555455,1.5936982043719028,1.2535353899002075,0.8929663608562691,0.8950050968399592,0.9235474006116208,0.8970438241958618,0.053542944754663,0.130974839481556,0.0280078888766866,0.0995576642540888,0.6960784196853638,0.5959596037864685,0.808080792427063,0.6363636255264282,0.0463643074035644,0.0092856884002685,20.88561463356018,0.0777196884155273,1.3106001615524292,1.0,0.1000000238418579,1.0,496.3113322257996
scm1d,5,0.1,1.140349,1.3606781,1.4940281306289769,1.217745661735535,0.891946992864424,0.8593272171253823,0.8888888888888888,0.8685015439987183,0.011723816799868,0.1473220839347788,0.0245923574052548,0.1185704016888016,0.7425742745399475,0.4646464586257934,0.7171717286109924,0.5151515007019043,0.0466337203979492,0.0099682807922363,21.742290019989014,0.1143305301666259,1.27031147480011,1.0,0.1000000238418579,1.0,478.57237362861633
scm1d,4,0.1,1.1329889,1.5397744,1.794407014388642,1.336258053779602,0.9164118246687054,0.9184505606523956,0.8888888888888888,0.9072375297546388,0.0331492947232941,0.110176125658765,0.045194247253544,0.110973804604386,0.7575757503509521,0.6363636255264282,0.6666666865348816,0.5981308221817017,0.0541639328002929,0.0079319477081298,21.202869415283203,0.0935149192810058,1.2769980430603027,1.0,0.1000000238418579,1.0,488.8899705410004
scm1d,6,0.1,1.1501213,1.548292,1.714153691232989,1.3005943298339844,0.8746177370030581,0.9041794087665648,0.8899082568807339,0.903160035610199,0.0255930628774574,0.1060872399175919,0.03990469360233,0.1089495614910451,0.7235772609710693,0.6100000143051147,0.7450980544090271,0.6161616444587708,0.0471637248992919,0.0051655769348144,21.77143096923828,0.1123981475830078,1.2776280641555786,1.0,0.1000000238418579,1.0,489.72525215148926
scm20d,0,0.1,1.1871109,1.6501753,2.2774074603728125,1.4571709632873535,0.8775055679287305,0.900890868596882,0.930957683741648,0.8964365124702454,0.0222929767094214,0.0955369460086952,0.0356387517572115,0.0948889016868311,0.699999988079071,0.699999988079071,0.800000011920929,0.699999988079071,0.0448005199432373,0.0042273998260498,3.426867723464966,0.0681772232055664,1.5653876066207886,0.8841871023178101,0.0144965830358343,0.7222222089767456,493.5094759464264
scm20d,1,0.1,1.2815409,1.8475381,2.6273399975202767,1.5939003229141235,0.8997772828507795,0.9120267260579064,0.8953229398663697,0.9175946712493896,0.0313854796852405,0.0917802754164777,0.0171371848963566,0.097795174163295,0.7551020383834839,0.6739130616188049,0.7333333492279053,0.7311828136444092,0.036527395248413,0.0070881843566894,40.59937882423401,0.0525312423706054,1.9002492427825928,1.0,0.1000000238418579,1.0,480.0083854198456
scm1d,7,0.1,1.1027548,1.4832147,1.5823936825153575,1.2997461557388306,0.873598369011213,0.8939857288481141,0.8634046890927625,0.8929663896560669,0.0382357785853156,0.1342246049848181,0.0294737268109204,0.1232155918050007,0.7099999785423279,0.5757575631141663,0.6899999976158142,0.5757575631141663,0.0401997566223144,0.0059504508972167,79.88759779930115,0.0604135990142822,1.2499552965164185,1.0,0.1000000238418579,1.0,493.1097400188446
scm1d,8,0.1,1.1625333,1.5578843,1.7714232150299207,1.3275344371795654,0.8899082568807339,0.8960244648318043,0.9490316004077471,0.8919469714164734,0.0257971637658747,0.1268921716131967,0.0498632770368599,0.1185289689028163,0.7171717286109924,0.4848484992980957,0.8181818127632141,0.4747474789619446,0.0445177555084228,0.0060465335845947,5.999882459640503,0.0748109817504882,1.3197708129882812,1.0,0.1000000238418579,1.0,488.4269092082977
scm1d,9,0.1,1.1571022,1.5313779,1.689132645967945,1.266435146331787,0.8705402650356778,0.908256880733945,0.8858307849133538,0.9021406769752502,0.0262249933652009,0.1198218315089538,0.0282254206112946,0.1100362717382873,0.6969696879386902,0.5959596037864685,0.7227723002433777,0.5858585834503174,0.0422508716583251,0.0060193538665771,7.536514759063721,0.0733139514923095,1.2462211847305298,1.0,0.1000000238418579,1.0,478.980583190918
biais,4,0.05,1.2154379,1.1925555,1.3094429162300012,1.1814978122711182,0.9536082474226804,0.9368556701030928,0.9690721649484536,0.9510309100151062,0.0205922299007229,0.0299081892598454,0.0203747002096389,0.013788257430071,0.738095223903656,0.6904761791229248,0.7692307829856873,0.7179487347602844,0.0197310447692871,0.0176680088043212,26.50918173789978,0.1499547958374023,1.6589224338531494,0.9664948582649232,0.0061960380140467,0.7948718070983887,955.2503781318665
scm20d,2,0.1,1.3281573,1.7839313,3.122007968169554,1.4601160287857056,0.9020044543429844,0.8930957683741648,0.9064587973273942,0.8964365124702454,0.0188988283034217,0.1064779771639648,0.0193954165051399,0.0819615258924862,0.7362637519836426,0.6777777671813965,0.7444444298744202,0.7052631378173828,0.0459861755371093,0.0040240287780761,5.391273260116577,0.0691397190093994,1.656347155570984,0.8919821977615356,0.0419056546695479,0.7111111283302307,466.58717918396
scm20d,6,0.1,1.3009849,1.7711139,2.6187580381341364,1.598535656929016,0.9020044543429844,0.9097995545657016,0.9164810690423164,0.9175946712493896,0.0144816939628028,0.083097468165416,0.0300546377390382,0.0828715228264854,0.7333333492279053,0.7333333492279053,0.7666666507720947,0.7444444298744202,0.0340118408203125,0.004467487335205,84.85200190544128,0.0509521961212158,1.7238162755966189,0.9142538905143738,0.0313929367169025,0.7666666507720947,484.664146900177
biais,5,0.05,1.3505938,1.2890629,1.3287493136084794,1.2556687593460083,0.9652061855670104,0.940721649484536,0.961340206185567,0.9484536051750184,0.0073556734304767,0.0171282024517643,0.0069445894906301,0.0129015740054614,0.7804877758026123,0.7317073345184326,0.7179487347602844,0.7435897588729858,0.0282356739044189,0.011484146118164,27.216712713241577,0.1547057628631591,1.7365633249282837,0.967783510684967,0.0150678346934054,0.7948718070983887,1506.5877511501312
scm20d,1,0.05,1.5526499,2.2028065,2.672433120715856,2.00498104095459,0.9576837416481068,0.9487750556792872,0.9632516703786193,0.9510022401809692,0.0120180078214329,0.0517957865851477,0.0142507859507678,0.0582644400738692,0.800000011920929,0.6666666865348816,0.800000011920929,0.6666666865348816,0.0366237163543701,0.0058474540710449,48.99290943145752,0.051826000213623,1.9002492427825928,1.0,0.0500000119209289,1.0,480.53515815734863
scm20d,5,0.1,1.3032324,1.7981246,2.493685002689564,1.5050454139709473,0.8997772828507795,0.8919821826280624,0.8930957683741648,0.8953229188919067,0.0229472405610063,0.0937852380366002,0.0574438305096475,0.0977541999799135,0.7444444298744202,0.7127659320831299,0.7252747416496277,0.6847826242446899,0.0399417877197265,0.0057003498077392,29.069233417510983,0.0564837455749511,1.937372803688049,1.0,0.1000000238418579,1.0,467.2004203796387
taxi,9,0.05,4.1058326,4.25359,3.968956546821424,4.214148998260498,0.9528548123980424,0.9508972267536704,0.9468189233278956,0.9507340788841248,0.0036052251717783,0.0143719447378622,0.0178303458173356,0.0158564466442213,0.890625,0.8436481952667236,0.8364779949188232,0.8664495348930359,0.0297465324401855,0.0112628936767578,3.6618382930755615,0.4108474254608154,3.3485467433929443,0.9525285363197328,0.0082218642724863,0.8848484754562378,2585.2518825531006
scm20d,4,0.1,1.3016014,1.756275,2.600528421594968,1.47718346118927,0.9053452115812918,0.9053452115812918,0.9031180400890868,0.9031180143356324,0.0004009999154444,0.1006728855162063,0.031646190832151,0.0980260816499507,0.7553191781044006,0.7244898080825806,0.7263157963752747,0.7222222089767456,0.0379488468170166,0.0035336017608642,13.750341176986694,0.0627689361572265,1.944539785385132,1.0,0.1000000238418579,1.0,482.0601129531861
scm20d,3,0.1,1.405661,1.7954065,2.6618226366113777,1.5324426889419556,0.9142538975501112,0.9020044543429844,0.9220489977728286,0.8853006958961487,0.0298348989152227,0.0884779765796838,0.0267324786449647,0.1016114321500895,0.7472527623176575,0.70652174949646,0.7666666507720947,0.644444465637207,0.0491864681243896,0.0067181587219238,17.44056725502014,0.0695381164550781,1.78731107711792,0.916481077671051,0.0468032413487993,0.7333333492279053,484.0335695743561
taxi,8,0.05,4.0683475,4.1765866,3.948087720454928,4.04206657409668,0.9531810766721044,0.9520391517128874,0.9520391517128874,0.9504078030586244,0.0017128927089261,0.0196737398720098,0.0155464964434139,0.0212561206560928,0.8827361464500427,0.837133526802063,0.8567073345184326,0.8333333134651184,0.0356402397155761,0.0118758678436279,3.370692729949951,0.3948769569396972,3.3330624103546143,0.9610114097595216,0.0096411200370913,0.9082568883895874,2690.077362298965
scm20d,0,0.05,1.3824036,2.0260124,2.293597631253706,1.906629204750061,0.94543429844098,0.9398663697104676,0.9532293986636972,0.9510022401809692,0.0116685308572448,0.0640229744018789,0.0051098751119025,0.0678417214253613,0.760869562625885,0.6666666865348816,0.7777777910232544,0.6888889074325562,0.0429513454437255,0.0053141117095947,4.146594047546387,0.0723929405212402,1.9546210765838623,1.0,0.0500000119209289,1.0,483.1605942249298
biais,6,0.05,1.3727018,1.5807215,1.7202334545680469,1.408510446548462,0.9600515463917526,0.981958762886598,0.9626288659793816,0.9639175534248352,0.0108122474857358,0.0286170493836635,0.0140306129930825,0.0162340877675339,0.7317073345184326,0.8205128312110901,0.7692307829856873,0.7692307829856873,0.0253193378448486,0.0160262584686279,24.92604327201844,0.1606779098510742,1.6978622674942017,0.9613401889801024,0.0105574935758478,0.7179487347602844,735.4143364429474
scm1d,7,0.05,1.2504654,1.8771609,1.6026411756052692,1.5733643770217896,0.9235474006116208,0.945973496432212,0.9571865443425076,0.9459735155105592,0.025453741052392,0.0700632005062397,0.0242230466995834,0.0546809346870006,0.7200000286102295,0.6000000238418579,0.7884615659713745,0.6399999856948853,0.1001064777374267,0.0073819160461425,78.92909336090088,0.0585358142852783,1.2499552965164185,1.0,0.0500000119209289,1.0,498.7344627380371
scm1d,1,0.05,1.2996185,1.9440455,1.564917670007872,1.6193373203277588,0.9592252803261978,0.9469928644240572,0.9949031600407748,0.9469928741455078,0.017695025198326,0.0659080162945404,0.0446990691601618,0.0632632420160085,0.7543859481811523,0.5192307829856873,0.9200000166893004,0.5192307829856873,0.0512309074401855,0.0082941055297851,22.38587045669556,0.0758285522460937,1.2739381790161133,1.0,0.0500000119209289,1.0,482.3533709049225
scm20d,6,0.05,1.4850452,2.3890078,2.6362422310022224,1.89340341091156,0.9521158129175946,0.965478841870824,0.965478841870824,0.952115833759308,-0.0035636198239471,0.0553420328013575,0.0226027411270555,0.0485474936270995,0.760869562625885,0.7333333492279053,0.7777777910232544,0.7111111283302307,0.0300877094268798,0.0048089027404785,3.344377517700196,0.0500504970550537,1.9616050720214844,1.0,0.0500000119209289,1.0,453.9081726074219
scm1d,0,0.05,1.2860748,2.1254227,1.750961098202084,1.704576849937439,0.9378185524974516,0.965341488277268,0.9235474006116208,0.9561671614646912,0.0173754283094559,0.0571288820728543,0.027544804248219,0.0578535262159914,0.7358490824699402,0.5600000023841858,0.6399999856948853,0.5400000214576721,0.0422117710113525,0.0071680545806884,21.8713173866272,0.0817129611968994,1.2812914848327637,1.0,0.0500000119209289,1.0,479.1582500934601
scm1d,8,0.05,1.3036699,2.068008,1.778094287708737,1.802464723587036,0.9398572884811416,0.9490316004077471,0.9643221202854232,0.9459735155105592,0.0152460365187722,0.0576411562275666,0.0228908183049083,0.0670252855628262,0.7450980544090271,0.4799999892711639,0.800000011920929,0.4799999892711639,0.0478942394256591,0.0061085224151611,6.498646259307861,0.0748636722564697,1.3197708129882812,1.0,0.0500000119209289,1.0,489.56790828704834
taxi,5,0.05,4.0799017,4.2690897,3.959482322147608,4.121642589569092,0.9536704730831974,0.9549755301794454,0.9494290375203916,0.9536705017089844,0.0066884231800745,0.021615012921089,0.0271778178642857,0.0207667254507055,0.8858024477958679,0.8534201979637146,0.7943037748336792,0.8585209250450134,0.0358688831329345,0.0143356323242187,3.751567840576172,0.4329612255096435,3.2421836853027344,0.9525285363197328,0.002708001004541,0.8942307829856873,2297.082240819931
taxi,4,0.05,3.9906068,4.206406,4.081511032192394,4.072821140289307,0.9437194127243068,0.9513866231647634,0.9492659053833604,0.9499184489250184,0.005693302321784,0.0138662346424519,0.0230505749413084,0.0146329555192546,0.8664495348930359,0.846905529499054,0.8176100850105286,0.846905529499054,0.0352461338043212,0.0136940479278564,3.8991270065307617,0.4253652095794678,3.277266263961792,0.9505709409713744,0.0006525318540912,0.8729641437530518,2395.338572025299
taxi,7,0.05,4.071191,4.1582947,3.903634825078378,4.055970191955566,0.9491027732463296,0.9474714518760196,0.9495921696574224,0.9476345777511596,-0.0039804255592881,0.0164600354617804,0.012887443259334,0.014632954585805,0.88165682554245,0.840255618095398,0.8436481952667236,0.8456591367721558,0.0358755588531494,0.0140454769134521,3.864424228668213,0.4358060359954834,3.196638584136963,0.9492658972740172,0.0009135396017724,0.8925081491470337,2546.2798063755035
scm1d,5,0.05,1.2917007,1.7962435,1.5039818673016911,1.5021151304244995,0.9469928644240572,0.9367991845056064,0.9531090723751274,0.9317023158073424,0.0103206291533894,0.0608049373435045,0.0109732766299868,0.0583694242423375,0.7647058963775635,0.5490196347236633,0.7799999713897705,0.5,0.0456073284149169,0.0069386959075927,21.444509744644165,0.0773961544036865,1.2581719160079956,1.0,0.0500000119209289,1.0,393.4061784744263
taxi,6,0.05,3.977849,4.102914,3.993690610632093,3.963609218597412,0.9481239804241436,0.9505709624796084,0.9495921696574224,0.9482871294021606,0.005660684326539,0.0200652562774608,0.0258401341383842,0.0161174573089325,0.8834951519966125,0.8403908610343933,0.8013029098510742,0.8306189179420471,0.0355887413024902,0.0156319141387939,4.127050161361694,0.4241266250610351,3.201097249984741,0.9510603547096252,0.0099836898666805,0.8761062026023865,2404.814110517502
scm1d,3,0.05,1.25711,1.8268147,1.5981126994038464,1.5346685647964478,0.9398572884811416,0.943934760448522,0.9551478083588176,0.9388379454612732,0.0197316926315783,0.0637439214774491,0.0216362855014042,0.0676271699165959,0.7200000286102295,0.6000000238418579,0.7599999904632568,0.5799999833106995,0.0537111759185791,0.0077626705169677,22.079949140548703,0.0769596099853515,1.3312647342681885,1.0,0.0500000119209289,1.0,472.9201591014862
scm1d,4,0.05,1.2740295,1.9570868,1.8135661599883537,1.8473697900772093,0.9531090723751274,0.9582059123343528,0.9347604485219164,0.9643221497535706,0.0068761062235532,0.0595871840729363,0.0259603255136907,0.0589692422902288,0.7599999904632568,0.5799999833106995,0.6399999856948853,0.6200000047683716,0.0509846210479736,0.0118443965911865,20.82314944267273,0.0941190719604492,1.2712970972061155,1.0,0.0500000119209289,1.0,394.0825343132019
scm1d,6,0.05,1.2744588,1.9100183,1.730737869596355,1.5548895597457886,0.930682976554536,0.9490316004077471,0.9337410805300712,0.9439347386360168,0.0155412774635302,0.0623179403059497,0.0273920005057915,0.0532585795729886,0.7169811129570007,0.5400000214576721,0.7407407164573669,0.5400000214576721,0.0471882820129394,0.0060038566589355,21.29723358154297,0.0821499824523925,1.3004604578018188,1.0,0.0500000119209289,1.0,476.6701362133026
scm1d,9,0.05,1.3421371,1.9664797,1.7028511656609695,1.6412088871002195,0.9408766564729868,0.944954128440367,0.9531090723751274,0.9439347386360168,-0.005045066373306,0.0654185305509396,0.0013835124206039,0.0666388766062663,0.7599999904632568,0.5,0.7843137383460999,0.4901960790157318,0.0510468482971191,0.009129524230957,7.1791510581970215,0.0737140178680419,1.2424116134643557,1.0,0.0500000119209289,1.0,492.4195597171784
scm20d,2,0.05,1.5680761,2.328734,3.147005278336466,1.9553369283676147,0.9688195991091314,0.9498886414253898,0.9498886414253898,0.955456554889679,0.0163587947013139,0.0699224174155869,0.015286781769373,0.0592327840205381,0.800000011920929,0.6888889074325562,0.7234042286872864,0.7111111283302307,0.0516457557678222,0.005699872970581,5.3697545528411865,0.0677316188812255,1.9160436391830444,1.0,0.0500000119209289,1.0,490.1425154209137
scm20d,5,0.05,1.4511456,2.191276,2.5279790039232,1.888899803161621,0.94543429844098,0.9398663697104676,0.9510022271714922,0.9387527704238892,0.0238752355366889,0.0587833709556963,0.0099137237403497,0.0598206138144658,0.7333333492279053,0.6888889074325562,0.7450980544090271,0.6382978558540344,0.0362541675567626,0.0060541629791259,23.49359703063965,0.0610194206237793,1.937372803688049,1.0,0.0500000119209289,1.0,463.5056138038635
scm20d,7,0.1,1.242859,1.6936411,2.614867053936881,1.4528985023498535,0.9053452115812918,0.9031180400890868,0.9020044543429844,0.904231607913971,-0.0198162538778848,0.0632203711240947,0.0211545716732055,0.0797057828009313,0.7666666507720947,0.695652186870575,0.7222222089767456,0.70652174949646,0.3000855445861816,0.0057644844055175,16.703939199447632,0.0793535709381103,1.5792605876922607,0.8953229188919067,-0.0060223451465793,0.7340425252914429,494.1206314563751
scm20d,4,0.05,1.538326,2.1782763,2.6275498998361875,1.924361228942871,0.9576837416481068,0.9543429844097996,0.9665924276169264,0.9576837420463562,-0.0003246362567465,0.053916209453681,0.0202625794435864,0.0476915041420638,0.7777777910232544,0.739130437374115,0.7916666865348816,0.75,0.037524938583374,0.006113052368164,13.904347658157349,0.0637953281402587,1.944539785385132,1.0,0.0500000119209289,1.0,496.9723870754242
scm20d,3,0.05,1.5401988,2.3085828,2.696859529307707,1.9518132209777832,0.94543429844098,0.9565701559020044,0.9565701559020044,0.9476614594459534,0.0054661758962734,0.0685065273806443,0.0042321594674568,0.0549056561795322,0.7111111283302307,0.6222222447395325,0.7777777910232544,0.6888889074325562,0.0442099571228027,0.007638931274414,17.437841653823853,0.0720922946929931,2.061020374298096,1.0,0.0500000119209289,1.0,543.45277094841
taxi,2,0.1,3.3916898,3.5108304,3.401102770528197,3.369207859039306,0.902610114192496,0.9052202283849918,0.8988580750407831,0.9053833484649658,0.0023164837823217,0.0349102837420987,0.041990218427014,0.0238499253647945,0.8466557860374451,0.8078175783157349,0.7487764954566956,0.8189233541488647,0.0882744789123535,0.0332467555999755,8.815939664840698,1.133601427078247,2.8008832931518555,0.9037520289421082,0.0161174647376354,0.8417618274688721,2697.7436616420746
casp,9,0.05,1.7977312,2.0929773,2.4602690982176183,1.666063904762268,0.9606471359860078,0.959554000874508,0.9615216440752076,0.9608657360076904,0.0156316766223345,0.0310461036352549,0.0206179123655988,0.0102974348790298,0.8813559412956238,0.8601694703102112,0.8777292370796204,0.894957959651947,0.0552320480346679,0.0217821598052978,4.5799620151519775,0.7883849143981934,1.8619732856750488,0.9665500521659852,0.0163984512990279,0.8888888955116272,4211.987759113312
scm20d,7,0.05,1.4464909,2.132477,2.6548760149437385,1.7860652208328247,0.9521158129175946,0.959910913140312,0.9532293986636972,0.945434272289276,-0.003567345812038,0.0531154651859397,-0.0069248866472534,0.0445325956249888,0.7692307829856873,0.7333333492279053,0.7555555701255798,0.6888889074325562,0.0404326915740966,0.007577896118164,16.311829090118408,0.1017944812774658,1.942572832107544,1.0,0.0500000119209289,1.0,490.3765516281128
taxi,3,0.1,3.3220448,3.458135,3.246001992723905,3.355701446533203,0.8920065252854812,0.8944535073409462,0.8903752039151713,0.8902120590209961,0.0095269055389852,0.0242088106678127,0.0395106095863205,0.0267210432989173,0.8301281929016113,0.789559543132782,0.7330096960067749,0.7929984927177429,0.0904474258422851,0.0362772941589355,8.693583488464355,1.2255406379699707,2.747581958770752,0.8995106220245361,0.0037846668703909,0.8455284833908081,2832.472967863083
casp,8,0.05,1.7267596,1.9117798,2.3328661567664684,1.6287952661514282,0.9551814604285088,0.9477481416703104,0.95037166593791,0.9505903124809264,0.0086806636108015,0.0226495006183052,0.0185857676138352,0.0011611988804147,0.8777292370796204,0.857758641242981,0.857758641242981,0.8701298832893372,0.0561738014221191,0.0228538513183593,4.541309118270874,0.8623111248016357,1.803434014320373,0.9606471657752992,0.0149326055371556,0.8733624219894409,4052.4398941993713
scm20d,8,0.1,1.2413691,1.6067224,2.174602581496734,1.387163162231445,0.8975501113585747,0.8808463251670379,0.9220489977728286,0.9008908867836,0.0051669825063145,0.0995344603143072,0.0245177089302233,0.0781378135438441,0.7254902124404907,0.6333333253860474,0.7666666507720947,0.6666666865348816,0.6825144290924072,0.0158774852752685,31.097792387008667,0.16267991065979,1.6395281553268433,0.9075723886489868,0.0313718291515892,0.7472527623176575,481.714005947113
scm20d,9,0.1,1.3508285,1.748827,2.8759168548681027,1.4611003398895264,0.8808463251670379,0.9142538975501112,0.9086859688195992,0.8986636996269226,0.0131346911839414,0.1062396198278032,0.0276648142321519,0.0859764254973735,0.7222222089767456,0.6969696879386902,0.7666666507720947,0.717391312122345,0.3319654464721679,0.0139751434326171,35.06818103790283,0.1765596866607666,1.7030949592590332,0.909799575805664,0.0570093227217169,0.7653061151504517,487.6655824184418
scm20d,8,0.05,1.4254405,1.9443517,2.199711938907124,1.7202266454696655,0.9476614699331848,0.9432071269487752,0.9565701559020044,0.9476614594459534,0.0103556840298414,0.0634655567824211,0.0075766678392184,0.0513109946902089,0.739130437374115,0.644444465637207,0.7777777910232544,0.6875,0.0842120647430419,0.0129840373992919,28.82565426826477,0.1670026779174804,1.900976657867432,1.0,0.0500000119209289,1.0,500.6460540294647
scm20d,9,0.05,1.5548881,2.1660712,2.922526295909148,1.6936694383621216,0.94543429844098,0.9465478841870824,0.9498886414253898,0.942093551158905,0.0196983263272072,0.0583600329006036,0.0162880218761593,0.055220987554813,0.717391312122345,0.6304348111152649,0.75,0.6521739363670349,0.0875413417816162,0.0162413120269775,32.77829098701477,0.2596487998962402,1.9800755977630613,1.0,0.0500000119209289,1.0,495.66987657547
taxi,2,0.05,4.144891,4.289345,3.961251091130863,4.142442226409912,0.9541598694942904,0.9535073409461664,0.9487765089722676,0.9528548121452332,0.0100000052234282,0.0221859748756321,0.0253017978411514,0.0174551433295643,0.885993480682373,0.8599348664283752,0.8110749125480652,0.8599348664283752,0.0683760643005371,0.0279273986816406,8.487358808517456,1.1097350120544434,3.452446937561035,0.9605219960212708,0.0166394859892703,0.8903225660324097,2106.8075909614563
taxi,3,0.05,4.090472,4.179737,3.8717860753375177,4.085395336151123,0.9473083197389884,0.9458401305057096,0.938336052202284,0.9469820261001588,0.0073409448440078,0.0222838515753069,0.0228384992621267,0.0267373593168585,0.8534201979637146,0.8354838490486145,0.8054711222648621,0.837133526802063,0.0687201023101806,0.0293109416961669,8.498491287231445,1.1991381645202637,3.3106210231781006,0.9526916742324828,0.0011582431163134,0.8838709592819214,2246.051681995392
