dataset,experiment,alpha,volume_with_bayes_levelset,volume_without_bayes_levelset,volume_one_covariance_known,volume_ot_known,volume_MVCS_known,coverage_with_bayes_levelset,coverage_without_bayes_levelset,coverage_one_covariance_known,coverage_ot_known,coverage_MVCS_known,ERT_with_bayes_levelset,ERT_without_bayes_levelset,ERT_one_covariance_known,ERT_ot_known,ERT_MVCS_known,WSC_with_bayes_levelset,WSC_without_bayes_levelset,WSC_one_covariance_known,WSC_ot_known,WSC_MVCS_known,time_with_bayes_levelset,time_one_covariance_known,time_ot_known,time_MVCS_known,volume_HDR_known,coverage_HDR_known,ERT_HDR_known,WSC_HDR_known,time_HDR_known,time_MVCS
house,2,0.1,0.7409422,0.90810055,1.0839647,1.2196637798309329,1.069645,0.8903792784458835,0.8889916743755781,0.8862164662349676,0.8820536540240518,0.8843663334846497,0.0309945684723914,0.0483887209709548,0.0966628222931095,0.084824868854154,0.0971339130407219,0.7788018584251404,0.7327188849449158,0.6788991093635559,0.6880733966827393,0.6376146674156189,0.0187103748321533,0.0077121257781982,0.3295817375183105,0.1133894920349121,1.1098809242248535,0.9019426703453064,0.0313685774033312,0.8018433451652527,1899.4867737293243,0.1133894920349121
house,1,0.1,0.71955144,0.95494264,1.1684395,1.6512961833477031,0.94738215,0.8973172987974098,0.9130434782608696,0.9176688251618872,0.9167437557816835,0.9070305228233336,0.0161012765602298,0.0393165783352016,0.0667004646114751,0.0645719049969238,0.0717969034513653,0.7782805562019348,0.7834101319313049,0.7465437650680542,0.7488584518432617,0.7695852518081665,0.0213720798492431,0.009037971496582,0.5005385875701904,0.1171135902404785,1.1839945316314695,0.9047178626060486,0.0327512685828004,0.8110598921775818,818.7965450286865,0.1171135902404785
house,7,0.1,0.7171632,0.87445617,1.0745889,1.3287208067893983,1.0068493,0.883441258094357,0.8982423681776133,0.8996299722479186,0.8950046253469011,0.9093431830406188,0.0188674977312911,0.0346884420560756,0.067994407102811,0.0726133418803585,0.0659571571747665,0.7834101319313049,0.7788018584251404,0.7281106114387512,0.7235022783279419,0.7247706651687622,0.0171024799346923,0.0071868896484375,0.4205493927001953,0.1462938785552978,1.186299204826355,0.9185938835144044,0.0457997727400222,0.8227272629737854,1875.5788791179657,0.1462938785552978
house,3,0.1,0.75045323,0.93362564,1.1095954,0.9593933701515202,1.0097953,0.9074930619796484,0.910268270120259,0.912118408880666,0.9061054579093432,0.9153561592102052,0.0421719784049785,0.0415368738821213,0.0725273825991052,0.0643856482521195,0.0654016033626889,0.8110598921775818,0.8018433451652527,0.7373272180557251,0.7281106114387512,0.7351598143577576,0.0163133144378662,0.0083100795745849,0.5080294609069824,0.150447130203247,1.1595616340637207,0.912118434906006,0.0353453646218253,0.8035714030265808,1769.9285244941711,0.150447130203247
house,8,0.1,0.722452,0.8801378,1.0156338,1.2993091342926029,0.96774846,0.9056429232192414,0.8945420906567992,0.8926919518963923,0.8829787234042553,0.8959296941757202,0.0193332554918595,0.0342239796768639,0.0768807281749648,0.0735469625082041,0.0782711126186229,0.8018433451652527,0.7834101319313049,0.695852518081665,0.6682027578353882,0.7373272180557251,0.0190081596374511,0.0063338279724121,0.480677843093872,0.1572310924530029,1.140986680984497,0.8880665898323059,0.0414517572777844,0.7926267385482788,1797.4062654972076,0.1572310924530029
house,4,0.1,0.7469941,0.88969207,1.0321865,1.304413521671295,0.99514043,0.9111933395004626,0.910268270120259,0.900555041628122,0.8996299722479186,0.9010175466537476,0.0278526329436443,0.0469788818552194,0.0720599274567099,0.0741914795048374,0.0831575665558264,0.8202764987945557,0.7788018584251404,0.7373272180557251,0.7142857313156128,0.7096773982048035,0.0209307670593261,0.0078403949737548,0.4643573760986328,0.1655349731445312,1.1814779043197632,0.9084181189537048,0.0401475578656138,0.7847533822059631,1797.500016450882,0.1655349731445312
house,0,0.1,0.74068457,0.87236375,1.0360641,1.2723104438781745,0.9811422,0.902867715078631,0.8839037927844589,0.8950046253469011,0.908418131359852,0.9000924825668335,0.0301683010243643,0.0438531798388407,0.0730921290926402,0.0611598745257378,0.0753209807637025,0.800000011920929,0.7327188849449158,0.7050691246986389,0.7351598143577576,0.7257384061813354,0.0180346965789794,0.0070381164550781,0.4666502475738525,0.1635785102844238,1.086840033531189,0.8913043737411499,0.0281222739639054,0.7798165082931519,808.216498374939,0.1635785102844238
house,6,0.1,0.7038437,0.8794298,1.0754737,1.2929167918205262,0.8480814,0.8917668825161887,0.9014801110083256,0.9074930619796484,0.9014801110083256,0.8977798223495483,0.033304039939579,0.031362807590869,0.0793674729129081,0.0728045163874181,0.0732531506558315,0.7695852518081665,0.7625570893287659,0.7004608511924744,0.7021276354789734,0.695852518081665,0.0181291103363037,0.0091094970703125,0.5301840305328369,0.1522562503814697,1.1757159233093262,0.909805715084076,0.0357995550847218,0.8018433451652527,1930.864317655564,0.1522562503814697
house,5,0.1,0.8072608,0.97312117,1.154574,1.4910263252258302,1.0106108,0.8889916743755781,0.8926919518963923,0.8862164662349676,0.8889916743755781,0.8843663334846497,0.0212702060895973,0.0429180602405958,0.0841895545719932,0.0682828732926569,0.0872342030462232,0.767123281955719,0.7272727489471436,0.693617045879364,0.7106382846832275,0.6820276379585266,0.0241799354553222,0.0102994441986083,0.5877151489257812,0.1856343746185302,1.1059967279434204,0.8959296941757202,0.0302442071912694,0.8064516186714172,1877.3974628448489,0.1856343746185302
house,2,0.05,0.9592275,1.1644237,1.543941,1.9442431896686545,1.2702144,0.9481961147086032,0.942645698427382,0.9486586493987048,0.946345975948196,0.9463459849357604,0.0225328266764664,0.0353902590615379,0.0430195284175532,0.0408004062310958,0.0395504057130794,0.831932783126831,0.7339449524879456,0.7155963182449341,0.7567567825317383,0.7247706651687622,0.0211689472198486,0.0080006122589111,0.3258731365203857,0.1120755672454834,1.3908435106277466,0.9495837092399596,0.0172565466158659,0.8256880640983582,917.9174592494963,0.1120755672454834
house,9,0.1,0.7548632,0.93088317,1.1816071,1.572598011779785,1.0043588,0.9195189639222942,0.910268270120259,0.9130434782608696,0.9241443108233116,0.9084181189537048,0.0367319009455671,0.0438461322847541,0.0685416244765097,0.0730728887018355,0.0583763250603299,0.8219178318977356,0.75,0.7788018584251404,0.7929515242576599,0.7695852518081665,0.0213050842285156,0.0089144706726074,0.4678516387939453,0.159797191619873,1.191345453262329,0.908880650997162,0.0346826706962685,0.814479649066925,917.505199432373,0.159797191619873
rf1,5,0.1,0.26366132,0.30974627,0.78454417,0.6120891672883437,0.29115584,0.901531728665208,0.9091903719912472,0.9026258205689278,0.8905908096280087,0.8884026408195496,0.0060914052769005,0.0205584625807537,0.1299405637234386,0.0343661821962999,0.092955032245666,0.7446808218955994,0.739130437374115,0.554347813129425,0.717391312122345,0.53125,0.0307161808013916,0.0071697235107421,17.041473150253296,0.1080090999603271,0.447050541639328,0.8949671983718872,0.0616837901953984,0.695652186870575,447.7365584373474,0.1080090999603271
rf1,6,0.1,0.24700868,0.30306047,0.7486771,0.5266454556377148,0.2998788,0.888402625820569,0.9026258205689278,0.888402625820569,0.888402625820569,0.8884026408195496,0.0094337342516019,-0.0203614911123674,0.1297484058378294,0.0663015757853767,0.1185600318415046,0.7368420958518982,0.75789475440979,0.4673913121223449,0.6489361524581909,0.5,0.0292620658874511,0.0062592029571533,14.274401664733888,0.0647351741790771,0.4681899845600128,0.9048140048980712,0.0391665256210242,0.7419354915618896,456.9892973899841,0.0647351741790771
house,1,0.05,0.92278004,1.2285544,1.5857335,2.350668684530259,1.1736996,0.9569842738205364,0.962072155411656,0.9551341350601296,0.95790934320074,0.9505087733268738,0.0115577232774202,0.0230296884284293,0.0364077127053243,0.0305737377864934,0.0313166155568671,0.8165137767791748,0.8165137767791748,0.7747747898101807,0.7981651425361633,0.7857142686843872,0.0204184055328369,0.0120058059692382,0.412386417388916,0.1189358234405517,1.5003312826156616,0.9546716213226318,0.0196040809010482,0.8256880640983582,1935.7239689826963,0.1189358234405517
house,7,0.05,0.8970838,1.1204573,1.4360896,2.3048242461204533,1.2484993,0.9431082331174838,0.9514338575393154,0.9412580943570767,0.9491211840888066,0.9532840251922609,0.0049972189593362,0.0262730995183086,0.0540202984385133,0.0383417858353031,0.0386209539680992,0.8348624110221863,0.8073394298553467,0.7256637215614319,0.7614678740501404,0.8173912763595581,0.0152556896209716,0.0059947967529296,0.4744727611541748,0.1349411010742187,1.5071901082992554,0.9620721340179444,0.0306681479282053,0.8695651888847351,3933.568788766861,0.1349411010742187
house,3,0.05,0.96722126,1.2492883,1.5418649,2.00321798324585,1.2666106,0.9588344125809436,0.9588344125809436,0.9574468085106383,0.9551341350601296,0.9560592174530028,0.0260364882545387,0.0264034357343479,0.0425061010370435,0.0414026884418661,0.0409353412142893,0.8256880640983582,0.8440366983413696,0.7339449524879456,0.6972476840019226,0.7798165082931519,0.0135679244995117,0.0091242790222167,0.4594457149505615,0.149590253829956,1.4593127965927124,0.9629971981048584,0.0118486530327448,0.8440366983413696,894.2113258838654,0.149590253829956
house,8,0.05,0.9156115,1.0989382,1.4514768,2.730519129943848,1.3071755,0.9528214616096208,0.9403330249768732,0.950508788159112,0.9398704902867716,0.9551341533660888,0.0153525192972765,0.0224298611825,0.0417713466394744,0.0396867278970019,0.0346861950844748,0.8348624110221863,0.7981651425361633,0.7387387156486511,0.7207207083702087,0.7798165082931519,0.0165021419525146,0.0065429210662841,0.4715535640716553,0.1613023281097412,1.427335262298584,0.9518963694572448,0.0107294117799725,0.8288288116455078,881.7925801277161,0.1613023281097412
house,0,0.05,0.8949509,1.1200327,1.4672567,1.7692213897705076,1.0958147,0.9500462534690102,0.9398704902867716,0.9518963922294172,0.9486586493987048,0.9440333247184752,0.0215618894675485,0.0259613181722397,0.0365930043023897,0.0283595324795144,0.0378902599884664,0.8256880640983582,0.7857142686843872,0.7678571343421936,0.78899085521698,0.778761088848114,0.0187320709228515,0.0065760612487792,0.4658186435699463,0.16357421875,1.373107671737671,0.9505087733268738,0.0217385205567601,0.7964601516723633,1848.185917377472,0.16357421875
house,6,0.05,0.8777676,1.1274693,1.4629507,2.425534182453156,1.1753241,0.9495837187789083,0.9491211840888066,0.9481961147086032,0.9509713228492136,0.9477335810661316,0.0226182566542242,0.0301568548648099,0.0463013270546266,0.0430087313873,0.0434306351301474,0.8073394298553467,0.7981651425361633,0.7155963182449341,0.6972476840019226,0.7545454502105713,0.0178017616271972,0.0089614391326904,0.5312645435333252,0.1489768028259277,1.4827210903167725,0.957446813583374,0.0152164116169141,0.8440366983413696,1006.392247915268,0.1489768028259277
rf1,7,0.1,0.26450104,0.3272126,0.83954734,0.5813863259069615,0.30492002,0.8916849015317286,0.9135667396061268,0.901531728665208,0.9026258205689278,0.9113785624504088,0.0501074956571963,0.025171451533384,0.1275554086255331,0.0166576676788769,0.11683902358648,0.6847826242446899,0.75,0.54347825050354,0.75,0.510869562625885,0.0207562446594238,0.0053317546844482,16.75757646560669,0.0514094829559326,0.4767201244831085,0.9321662783622742,0.056673289245867,0.7916666865348816,442.5280706882477,0.0514094829559326
house,9,0.05,0.93184006,1.2254844,1.673256,3.0816911972045906,1.6006975,0.9588344125809436,0.9602220166512488,0.9625346901017576,0.967622571692877,0.9629971981048584,0.0240551559869354,0.0313068883869066,0.0320134150487109,0.0330651860059291,0.0350611654120529,0.8363636136054993,0.8214285969734192,0.8288288116455078,0.8214285969734192,0.8214285969734192,0.0236127376556396,0.0112106800079345,0.4696543216705322,0.1638128757476806,1.5440462827682495,0.9634597301483154,0.0175732481484488,0.8256880640983582,879.7365026473999,0.1638128757476806
rf1,1,0.1,0.2578593,0.3090901,0.8180441,0.5575902263496655,0.28204533,0.8949671772428884,0.8949671772428884,0.8894967177242888,0.8982494529540481,0.8807439804077148,0.0385167882484422,0.0575403910989497,0.1264757217147118,0.0489977864698555,0.0879565346257461,0.7052631378173828,0.6736842393875122,0.5053763389587402,0.72826087474823,0.47826087474823,0.0578281879425048,0.0090000629425048,4.843329429626465,0.1836414337158203,0.4277291893959045,0.8971553444862366,0.0297580076110103,0.72826087474823,434.3158843517304,0.1836414337158203
casp,6,0.1,0.8059789,1.0103574,1.2707275,1.4076506967544553,0.8432555,0.9018364669873196,0.90074333187582,0.9035854831657192,0.8944031482291211,0.9005246758460999,0.0189347562487613,0.0352863031282007,0.0867504303086254,0.0817223877041911,0.0548751676068214,0.8191720843315125,0.7576419115066528,0.6375545859336853,0.6615720391273499,0.7183406352996826,0.0304300785064697,0.0149629116058349,2.0486807823181152,0.3152248859405517,1.337342381477356,0.900743305683136,0.0525163271980474,0.7678958773612976,2056.1505856513977,0.3152248859405517
casp,0,0.1,0.78647894,1.0199982,1.2194165,1.4845066915988916,0.79807913,0.8935286401399213,0.8994315697420201,0.8996501967643201,0.9011805859204196,0.8952776789665222,0.0390905293508232,0.0542168466063371,0.0992101164668414,0.0787907491703163,0.0583735819108429,0.7852494716644287,0.6965065598487854,0.5829694271087646,0.7096070051193237,0.6986899375915527,0.0293085575103759,0.0153732299804687,2.08050799369812,0.3218212127685547,1.3230782747268677,0.9011805653572084,0.0425436159403304,0.7314410209655762,1916.2269990444183,0.3218212127685547
casp,4,0.1,0.7773994,1.0814308,1.2037286,0.0,0.8043637,0.8981198076082204,0.9029296020988196,0.9024923480542196,0.9000874508089199,0.9033668637275696,0.0493669596159807,0.0713162949688729,0.098819400272583,0.0868396292005784,0.0614352232448207,0.791304349899292,0.7074235677719116,0.624454140663147,0.7379912734031677,0.7028199434280396,0.0273995399475097,0.0137174129486083,2.053822755813598,0.3305134773254394,1.2820149660110474,0.900961935520172,0.0387416734239984,0.7678958773612976,2115.397214651108,0.3305134773254394
rf1,3,0.1,0.27445364,0.33392206,0.83934814,0.5844740588992204,0.31109923,0.9070021881838074,0.9135667396061268,0.8949671772428884,0.9299781181619255,0.891684889793396,0.0384867633705503,0.045541356581006,0.1166336512169035,0.0549654873857868,0.0927724864213293,0.7311828136444092,0.7526881694793701,0.5416666865348816,0.7835051417350769,0.554347813129425,0.0519590377807617,0.0093147754669189,4.8462560176849365,0.1760663986206054,0.4707127511501312,0.8960612416267395,0.03151264813457,0.717391312122345,460.5327281951904,0.1760663986206054
house,4,0.05,0.93353856,1.168017,1.4178758,2.594637210512162,1.1188408,0.9583718778908418,0.9588344125809436,0.9551341350601296,0.9500462534690102,0.9495837092399596,0.0168404185294482,0.0179011700918815,0.0348743760541684,0.0424134010614907,0.0378376578356261,0.859649121761322,0.8256880640983582,0.752293586730957,0.7247706651687622,0.7706422209739685,0.0185573101043701,0.0096192359924316,0.460587739944458,0.1643648147583007,1.551998257637024,0.9648473858833312,0.0282108112319522,0.853210985660553,911.2693526744844,0.1643648147583007
casp,2,0.1,0.78681815,0.9936363,1.2309339,0.5100704781532287,0.8371348,0.9000874508089199,0.9090511587232182,0.9000874508089199,0.8952776563183209,0.9000874757766724,0.0184547385715465,0.0302585531283137,0.085265046905541,0.0753414508831758,0.0472245591095408,0.8253275156021118,0.7898089289665222,0.6681222915649414,0.7117903828620911,0.7292576432228088,0.0291154384613037,0.0154423713684082,2.0451972484588623,0.3355278968811035,1.365833401679993,0.9101442694664,0.0399654333761171,0.7664543390274048,2302.835577249527,0.3355278968811035
house,5,0.05,1.0122695,1.2586151,1.650874,2.190453219604492,1.3118005,0.9435707678075856,0.9481961147086032,0.9472710453283996,0.9444958371877892,0.9463459849357604,0.0147935373236213,0.025951483089755,0.050882628678475,0.0403007702986878,0.0404759035187407,0.7981651425361633,0.78899085521698,0.7099236845970154,0.7064220309257507,0.7593985199928284,0.0208303928375244,0.0121741294860839,0.5627148151397705,0.1839025020599365,1.4103944301605225,0.9500462412834167,0.0160896229552515,0.8256880640983582,942.0561044216156,0.1839025020599365
rf1,0,0.1,0.25944248,0.31278837,0.7619482,0.4280089057121107,0.30758336,0.9234135667396062,0.926695842450766,0.9048140043763676,0.899343544857768,0.9157549142837524,0.0271266612778667,0.0518609417169894,0.1214123722197364,0.0534029979659423,0.1065513884019745,0.7553191781044006,0.782608687877655,0.521276593208313,0.72826087474823,0.5625,0.0716333389282226,0.0194060802459716,28.03001928329468,0.1728639602661132,0.4663122892379761,0.9299781322479248,0.0505254475997244,0.774193525314331,475.06302642822266,0.1728639602661132
rf1,4,0.1,0.25460365,0.30795395,0.8091634,0.5867924759329622,0.30848446,0.9037199124726476,0.9048140043763676,0.8894967177242888,0.8862144420131292,0.9070022106170654,0.0349750837363159,0.0400768697050636,0.1251618429826042,0.0198907109571922,0.0859881226682723,0.7234042286872864,0.717391312122345,0.5368421077728271,0.7234042286872864,0.6413043737411499,0.056575059890747,0.0159337520599365,32.49135661125183,0.2704639434814453,0.4814247488975525,0.9157549142837524,0.0474821500604105,0.75,495.33872056007385,0.2704639434814453
rf1,8,0.1,0.25414112,0.29911232,0.8137183,0.540229414642731,0.33072165,0.899343544857768,0.9004376367614879,0.8851203501094091,0.9026258205689278,0.9157549142837524,0.0367813679145877,0.0212430266756156,0.1319341984509863,0.0478784688992421,0.1067831785236615,0.70652174949646,0.7368420958518982,0.4239130318164825,0.7413793206214905,0.5376344323158264,0.0275838375091552,0.0052976608276367,35.00525879859924,0.0554509162902832,0.4429280459880829,0.8993435502052307,0.0591040747248574,0.7127659320831299,448.11742544174194,0.0554509162902832
rf1,2,0.1,0.2966635,0.34704545,0.8223684,0.4767739989963943,0.30044508,0.9102844638949672,0.9070021881838074,0.8971553610503282,0.9146608315098468,0.8927789926528931,0.0422470510768323,0.0358806324887045,0.1081150670713872,0.0150663668777336,0.0844760806010892,0.7419354915618896,0.7263157963752747,0.52173912525177,0.75,0.5208333134651184,0.0656468868255615,0.0143289566040039,30.6240234375,0.2586953639984131,0.4456589221954345,0.882932186126709,0.0608466986084259,0.6195651888847351,467.01439476013184,0.2586953639984131
rf1,6,0.05,0.280568,0.37916392,1.2186043,0.5345554496935685,0.36870947,0.936542669584245,0.962800875273523,0.9452954048140044,0.9354485776805253,0.949671745300293,0.013377167243954,0.0039416398557107,0.0733987956399825,0.0292091545554415,0.0374034766355434,0.7551020383834839,0.807692289352417,0.4347825944423675,0.625,0.695652186870575,0.0221076011657714,0.0069515705108642,13.36715531349182,0.064908742904663,0.555270791053772,0.9660831689834596,0.0125857298126351,0.782608687877655,458.6322047710418,0.064908742904663
rf1,7,0.05,0.31530625,0.3902401,1.146318,0.5930843760837751,0.36648327,0.9595185995623632,0.9540481400437636,0.9442013129102844,0.9617067833698032,0.9660831689834596,0.0101297142648384,0.0340106942693313,0.0770209648548601,0.0139014068955824,0.0487647958885032,0.760869562625885,0.739130437374115,0.4468085169792175,0.8039215803146362,0.739130437374115,0.0209519863128662,0.0050961971282958,2.840435266494751,0.0512053966522216,0.6096783876419067,1.0,0.0500000119209289,1.0,398.76457047462463,0.0512053966522216
rf1,5,0.05,0.31254357,0.38071445,1.3474947,0.6303730588576723,0.3989239,0.950765864332604,0.9595185995623632,0.9518599562363238,0.9617067833698032,0.9595186114311218,0.0167369300965639,0.010496614153003,0.0679241066557977,0.0198126550036593,0.0472545560863879,0.739130437374115,0.804347813129425,0.5744680762290955,0.760869562625885,0.739130437374115,0.0311591625213623,0.0061376094818115,17.954131841659546,0.0741889476776123,0.5879420042037964,1.0,0.0500000119209289,1.0,443.91025400161743,0.0741889476776123
casp,1,0.1,0.78007793,1.0414119,1.1424912,1.1272838051319118,0.79807943,0.8983384346305203,0.8882815916047223,0.8854394403148229,0.8860953213817228,0.8889374732971191,0.0299080023833014,0.0522518261265434,0.0914750851647596,0.0725845273392221,0.0456942119645256,0.8144105076789856,0.7248908281326294,0.624454140663147,0.6906318068504333,0.7472766637802124,0.0354735851287841,0.0163652896881103,2.0019307136535645,0.3613312244415283,1.3055007457733154,0.8935286402702332,0.0463935700764127,0.7379912734031677,2072.3957846164703,0.3613312244415283
casp,5,0.1,0.8196862,1.0608943,1.180762,1.7403781826496112,0.7859831,0.9005247048535199,0.8987756886751203,0.8874070835155226,0.8915609969392216,0.8876256942749023,0.0289019655899957,0.0503302484472006,0.1010971662822046,0.0911297609856492,0.0532595923281875,0.8051947951316833,0.7096070051193237,0.567685604095459,0.6222707629203796,0.688034176826477,0.0341997146606445,0.0139927864074707,1.9737861156463623,0.3574166297912597,1.2900371551513672,0.8968080282211304,0.0477916192482728,0.7433264851570129,2011.1695713996887,0.3574166297912597
rf1,9,0.1,0.2522156,0.2985843,0.8939657,0.5765465038461746,0.31257817,0.888402625820569,0.8894967177242888,0.924507658643326,0.9201312910284464,0.9179431200027466,0.0534065936124697,0.0608274797287129,0.0975824322434493,0.0426638009977263,0.0980340047204186,0.6947368383407593,0.6847826242446899,0.6875,0.774193525314331,0.6451612710952759,0.0268373489379882,0.0075693130493164,5.872937679290772,0.0658402442932128,0.4740546643733978,0.9398249387741088,0.0553846340612385,0.79347825050354,474.9820868968964,0.0658402442932128
rf2,0,0.1,0.4309828,0.5654802,1.0800422,1.2824706666607688,0.66703916,0.8982494529540481,0.9223194748358862,0.9004376367614879,0.912472647702407,0.92231947183609,0.0535999623932996,0.0538353622507306,0.1229604420028835,0.0886459034527056,0.0989071224499327,0.7311828136444092,0.77173912525177,0.72826087474823,0.75,0.7476635575294495,0.0289342403411865,0.0080122947692871,30.57523488998413,0.0642204284667968,0.4343249797821045,0.9157549142837524,0.0483492607827846,0.7634408473968506,428.61208415031433,0.0642204284667968
rf2,1,0.1,0.284331,0.34358656,0.7490851,1.096393589540211,0.3653962,0.9059080962800876,0.9026258205689278,0.8829321663019694,0.924507658643326,0.8687089681625366,0.0282363631535899,0.0022062150821996,0.0954110475343275,0.0470353830843539,0.0888308504712565,0.75,0.75,0.6739130616188049,0.77173912525177,0.6521739363670349,0.0354058742523193,0.0059649944305419,16.810702800750732,0.0747346878051757,0.439353197813034,0.9113785624504088,0.0538209478253681,0.739130437374115,462.6194109916687,0.0747346878051757
casp,7,0.1,0.8060375,1.0678215,1.2032651,1.336734060287476,0.7876102,0.8944031482291211,0.8952776563183209,0.9055531263664188,0.9134236991692172,0.891560971736908,0.0413622224656325,0.0515944172680877,0.0900735523365711,0.0781800661747176,0.0603829306448658,0.7884231805801392,0.7288503050804138,0.6310043931007385,0.7445414662361145,0.7152034044265747,0.0310244560241699,0.0144400596618652,1.956620693206787,0.3184010982513428,1.273187279701233,0.9013991951942444,0.0523391209214174,0.7363834381103516,1889.198264360428,0.3184010982513428
rf1,8,0.05,0.3011257,0.35811716,1.3568826,0.562912242260931,0.354867,0.9551422319474836,0.962800875273523,0.9474835886214442,0.9726477024070022,0.9485777020454408,0.0185930525519959,0.0143517781268911,0.0685816459946966,0.022860156249937,0.0598582920624115,0.717391312122345,0.804347813129425,0.5102040767669678,0.804347813129425,0.54347825050354,0.0285851955413818,0.0068049430847167,15.741379022598268,0.0550119876861572,0.5116448402404785,0.949671745300293,0.0401783506018273,0.695652186870575,427.5192391872406,0.0550119876861572
rf2,2,0.1,0.33573964,0.40027303,0.96427727,1.0252915831741674,0.4016945,0.9059080962800876,0.9135667396061268,0.9004376367614879,0.9212253829321664,0.8884026408195496,0.0472491571339574,0.0415600936147806,0.1041590240075696,0.068231564059756,0.0676142545818158,0.739130437374115,0.75,0.717391312122345,0.782608687877655,0.6595744490623474,0.0282208919525146,0.0066359043121337,13.57773733139038,0.0734567642211914,0.4403473138809204,0.9146608114242554,0.0645481427653748,0.739130437374115,435.64648032188416,0.0734567642211914
rf2,3,0.1,0.29059178,0.35988998,0.7379761,1.092852367389313,0.37134933,0.9037199124726476,0.9080962800875274,0.8698030634573304,0.8807439824945296,0.8960612416267395,0.0313108870727281,0.0025917341879078,0.1181528960606904,0.080952387997705,0.0905806886249996,0.739130437374115,0.739130437374115,0.6666666865348816,0.695652186870575,0.7263157963752747,0.0296041965484619,0.0086743831634521,18.46188163757324,0.0676279067993164,0.4375390708446502,0.9245076775550842,0.0490050012540052,0.77173912525177,459.0912036895752,0.0676279067993164
rf2,8,0.1,0.2992538,0.35721067,0.85924643,0.8157944608169185,0.39066848,0.9201312910284464,0.9091903719912472,0.9004376367614879,0.888402625820569,0.9015317559242249,0.0489989931974397,0.0142232698513166,0.1135447204317021,0.077698917544397,0.0897051728380941,0.7849462628364563,0.77173912525177,0.717391312122345,0.7171717286109924,0.72826087474823,0.0221524238586425,0.0063991546630859,26.53706312179565,0.0534999370574951,0.4448697566986084,0.9037199020385742,0.0529502302420745,0.72826087474823,423.56548261642456,0.0534999370574951
casp,3,0.1,0.79711324,1.1360706,1.2313737,1.3121345285415649,0.82380396,0.8981198076082204,0.8985570616528203,0.8979011805859204,0.8979011805859204,0.8985570669174194,0.0498483610018638,0.0682122307799516,0.0975073016760197,0.0845196285249057,0.0583755429576652,0.7886710166931152,0.6969696879386902,0.6122004389762878,0.7396963238716125,0.7164502143859863,0.033437967300415,0.0133495330810546,2.013312339782715,0.4940071105957031,1.3397612571716309,0.9013991951942444,0.053256244548127,0.7021738886833191,2063.716068029404,0.4940071105957031
rf2,4,0.1,0.3437165,0.39181566,0.8915068,1.1058169258632278,0.39586323,0.8982494529540481,0.8927789934354485,0.9070021881838074,0.9135667396061268,0.8741794228553772,0.0463952533391147,0.04445326016886,0.1080778388943262,0.0463940570485174,0.0763790383207499,0.739130437374115,0.72826087474823,0.7446808218955994,0.760869562625885,0.6739130616188049,0.0470991134643554,0.0083217620849609,57.44972467422485,0.1069116592407226,0.4354686439037323,0.9256017208099364,0.0597189843142805,0.7526881694793701,2411.116647005081,0.1069116592407226
rf2,5,0.1,0.32103357,0.38636422,0.8897767,1.180653520383017,0.41850808,0.901531728665208,0.9080962800875274,0.9004376367614879,0.9037199124726476,0.8949671983718872,0.0427046300469665,0.033509890775326,0.1246838545774916,0.0652038775041269,0.0930090802170983,0.7096773982048035,0.75,0.7157894968986511,0.7340425252914429,0.717391312122345,0.0291521549224853,0.0088636875152587,55.05610537528992,0.0746908187866211,0.4327069818973541,0.9070022106170654,0.0398138607614199,0.7422680258750916,443.98933148384094,0.0746908187866211
rf1,1,0.05,0.30222717,0.39052677,1.4464355,0.5713076863714902,0.3199795,0.9518599562363238,0.9573304157549234,0.9442013129102844,0.973741794310722,0.9277899265289308,0.0273536354544956,0.0173974718939024,0.0705536611694505,0.0261376432682997,0.050990216303808,0.760869562625885,0.75,0.5531914830207825,0.804347813129425,0.5416666865348816,0.0507421493530273,0.0091946125030517,4.759241819381714,0.1723654270172119,0.5040104985237122,0.9442012906074524,0.0165021364713068,0.6739130616188049,431.5046806335449,0.1723654270172119
rf2,7,0.1,0.297522,0.36972645,0.8822839,1.2848613361636343,0.40986007,0.8708971553610503,0.8905908096280087,0.9037199124726476,0.901531728665208,0.8982494473457336,0.054925839756227,0.0527208373889202,0.1168642429634592,0.0660637812679439,0.0940611434299251,0.6526315808296204,0.717391312122345,0.739130437374115,0.6630434989929199,0.71875,0.0316100120544433,0.0076825618743896,35.126054763793945,0.0713589191436767,0.4095706641674042,0.8927789926528931,0.0360475613506378,0.7340425252914429,437.651207447052,0.0713589191436767
rf1,3,0.05,0.3214288,0.39368483,1.4235164,0.5902690521403083,0.38280585,0.9606126914660832,0.9584245076586432,0.9431072210065644,0.9573304157549234,0.9463894963264464,0.0190296114224797,0.0181775109292451,0.0701351186430705,0.0203585006399984,0.0429934609718725,0.760869562625885,0.7799999713897705,0.54347825050354,0.760869562625885,0.6521739363670349,0.0508065223693847,0.0089445114135742,4.542137622833252,0.1734461784362793,0.6085534691810608,1.0,0.0500000119209289,1.0,457.75939440727234,0.1734461784362793
rf2,6,0.1,0.37465996,0.4460155,0.901498,1.3060250811301628,0.47033048,0.8698030634573304,0.888402625820569,0.8829321663019694,0.9277899343544858,0.9146608114242554,0.0494589584779862,0.0242935233450305,0.1216513656391608,0.0604011454110044,0.0897015693631106,0.6630434989929199,0.6947368383407593,0.6413043737411499,0.7368420958518982,0.704081654548645,0.0352661609649658,0.011695384979248,47.523075342178345,0.0774052143096923,0.4560634791851043,0.8763676285743713,0.0439812701621628,0.6666666865348816,419.523672580719,0.0774052143096923
casp,0,0.05,1.1199148,1.3790275,1.5814689,3.11427795214653,1.1097537,0.9490599038041102,0.9508089199825098,0.9457804984696108,0.9462177525142108,0.9490599036216736,0.0134019464598974,0.025271903279223,0.0499765478583265,0.0444885574379124,0.0213820532066397,0.834782600402832,0.7685589790344238,0.5807860493659973,0.7383966445922852,0.7617021203041077,0.027559757232666,0.0101301670074462,1.9441399574279783,0.3304946422576904,1.6913888454437256,0.948185384273529,0.0186481384101743,0.7957446575164795,2157.183988571167,0.3304946422576904
casp,6,0.05,1.1543188,1.3701006,1.6670388,2.623910290002823,1.1318252,0.9534324442501092,0.9514648010494096,0.9444687363358112,0.9418452120682116,0.9449059963226318,0.0069733050513513,0.0195226458846283,0.0506565345848727,0.0385012079675286,0.0225187354188122,0.8864628672599792,0.8275862336158752,0.6304348111152649,0.6837607026100159,0.7679324746131897,0.0285480022430419,0.0110189914703369,1.976650714874268,0.3147497177124023,1.735542058944702,0.9549628496170044,0.0280080420793794,0.8283261656761169,4032.066274166107,0.3147497177124023
rf2,1,0.05,0.33358586,0.42381898,1.3709027,1.1340858021117028,0.427803,0.9529540481400438,0.962800875273523,0.9442013129102844,0.9671772428884028,0.9299781322479248,0.00874858034743,0.0060139401606279,0.0618020853974515,0.0223335229762787,0.0395982742846452,0.739130437374115,0.804347813129425,0.7200000286102295,0.804347813129425,0.6739130616188049,0.0282745361328125,0.0064115524291992,11.588517665863035,0.0693869590759277,0.5027654767036438,1.0,0.0500000119209289,1.0,906.6733493804932,0.0693869590759277
casp,4,0.05,1.1027317,1.4399267,1.5949969,0.0509160455703735,1.1259698,0.9534324442501092,0.9508089199825098,0.94993441189331,0.954744206383909,0.9547442197799684,0.0187808156814574,0.0324251125755473,0.053585449671851,0.0445990922553335,0.0233509659764585,0.8602620363235474,0.72052401304245,0.6331877708435059,0.7729257345199585,0.7763713002204895,0.029179573059082,0.011646032333374,1.925057411193848,0.3263585567474365,1.7608060836791992,0.9564931988716124,0.019175623197232,0.8296943306922913,2012.289383172989,0.3263585567474365
rf2,0,0.05,0.5308812,0.6772549,1.4579664,1.3253245996793577,0.65706694,0.9529540481400438,0.9551422319474836,0.948577680525164,0.9693654266958424,0.9474835991859436,0.0313979540609679,0.0395124082800676,0.0593100423656239,0.0329256084075111,0.0623677501555055,0.7446808218955994,0.760869562625885,0.6458333134651184,0.782608687877655,0.6200000047683716,0.0338366031646728,0.0107729434967041,24.152129411697388,0.0639503002166748,0.5055960416793823,1.0,0.0500000119209289,1.0,474.7262406349182,0.0639503002166748
rf1,9,0.05,0.29616472,0.35818392,1.4745586,0.5826408925413071,0.39943394,0.9452954048140044,0.9387308533916848,0.9726477024070022,0.949671772428884,0.9715536236763,0.0228547421660228,0.0213324919889719,0.0517522468249346,0.0080778278345561,0.0414670123077832,0.739130437374115,0.717391312122345,0.717391312122345,0.7551020383834839,0.760869562625885,0.0252149105072021,0.0076112747192382,5.170743703842163,0.0641670227050781,0.5304924845695496,0.9671772718429564,0.0333969955708338,0.7755101919174194,433.2738842964173,0.0641670227050781
rf2,8,0.05,0.35342094,0.4419869,1.4036742,0.8720856571798754,0.49154508,0.9573304157549234,0.9606126914660832,0.9551422319474836,0.9518599562363238,0.9595186114311218,0.0173872650897317,0.0183726730986929,0.0594145291153535,0.0257142913239156,0.0497856332111421,0.760869562625885,0.7599999904632568,0.7446808218955994,0.7755101919174194,0.760869562625885,0.0217125415802001,0.0058846473693847,33.40961766242981,0.0538685321807861,0.4715651571750641,1.0,0.0500000119209289,1.0,430.6484558582306,0.0538685321807861
casp,2,0.05,1.1511226,1.2937179,1.6074922,0.6778469643592835,1.1462084,0.9573677306515084,0.94971578487101,0.9475295146480104,0.94949715784871,0.9486226439476012,0.0048538806726637,0.0086615523663268,0.0413411847735806,0.040161166939589,0.0140782284074383,0.8908296823501587,0.8427947759628296,0.6506550312042236,0.7379912734031677,0.8296943306922913,0.0288703441619873,0.0110645294189453,1.93538236618042,0.3209896087646484,1.7962357997894287,0.9573677182197572,0.0213613450540447,0.8122270703315735,2106.5189230442047,0.3209896087646484
rf2,2,0.05,0.38490126,0.4687106,1.3554153,1.0366821862663151,0.46586907,0.950765864332604,0.9474835886214442,0.9529540481400438,0.973741794310722,0.9321662783622742,0.0101525324547619,0.0161730673372842,0.0605212358328012,0.0267015052401524,0.043980667848512,0.6938775777816772,0.717391312122345,0.717391312122345,0.8260869383811951,0.6521739363670349,0.0275783538818359,0.0054934024810791,12.889365196228027,0.0733985900878906,0.4833886325359344,1.0,0.0500000119209289,1.0,347.99057149887085,0.0733985900878906
rf2,9,0.1,0.34229186,0.3960462,1.0899867,1.452150988180851,0.42468715,0.9146608315098468,0.9113785557986872,0.9354485776805253,0.9420131291028446,0.8982494473457336,0.0540323199004888,0.0671879077411547,0.0776893229668672,0.0689221338775361,0.0794235376239946,0.75,0.6847826242446899,0.79347825050354,0.8058252334594727,0.695652186870575,0.0339956283569335,0.0102934837341308,49.2337327003479,0.0702636241912841,0.4326516985893249,0.8840262293815613,0.0472899786138766,0.7127659320831299,440.6135842800141,0.0702636241912841
rf2,3,0.05,0.33573133,0.4316342,1.2198648,1.1092765434291183,0.4418052,0.9540481400437636,0.948577680525164,0.9452954048140044,0.948577680525164,0.9474835991859436,0.0053485923355165,0.0134504354322936,0.0747336895224039,0.0333639645765459,0.0341079745873641,0.782608687877655,0.717391312122345,0.6521739363670349,0.7083333134651184,0.7142857313156128,0.0274767875671386,0.0085401535034179,18.189087867736816,0.0698778629302978,0.5555847883224487,1.0,0.0500000119209289,1.0,353.2629897594452,0.0698778629302978
rf1,0,0.05,0.30465692,0.37458375,1.306847,0.4464702361929357,0.35572398,0.962800875273523,0.9649890590809628,0.9452954048140044,0.9638949671772428,0.9387308359146118,0.0188254449973555,0.0248357728151403,0.0747108713339121,0.0128013066355547,0.0569957438334469,0.800000011920929,0.804347813129425,0.47826087474823,0.804347813129425,0.4565217494964599,0.0663290023803711,0.0131227970123291,32.12154459953308,0.2549891471862793,0.6034523248672485,1.0,0.0500000119209289,1.0,519.8743073940277,0.2549891471862793
rf1,2,0.05,0.35088778,0.40698427,1.2454932,0.4885727519484141,0.34187213,0.9606126914660832,0.9529540481400438,0.949671772428884,0.950765864332604,0.9463894963264464,0.0149858966959222,0.0029418174285455,0.0638233435595636,0.0173998728189598,0.0379625359755811,0.760869562625885,0.7666666507720947,0.52173912525177,0.7142857313156128,0.5416666865348816,0.0694220066070556,0.0144948959350585,26.21032691001892,0.179699420928955,0.50575190782547,0.9638949632644652,0.010406541308934,0.7799999713897705,445.1710739135742,0.179699420928955
rf1,4,0.05,0.30727324,0.3693289,1.2830291,0.5980524658646498,0.3486814,0.9551422319474836,0.9529540481400438,0.9442013129102844,0.925601750547046,0.9376367330551147,0.0196817460678894,0.0250525493203201,0.0681492890129359,0.024493482153258,0.0443175444279119,0.7450980544090271,0.739130437374115,0.52173912525177,0.695652186870575,0.6086956262588501,0.0700345039367675,0.0179119110107421,27.18094253540039,0.1823756694793701,0.5529199838638306,0.9682713150978088,0.026365828086741,0.7755101919174194,467.9910683631897,0.1823756694793701
rf2,4,0.05,0.3914534,0.4705139,1.3645514,1.114979604466705,0.5096264,0.9463894967177244,0.9442013129102844,0.9518599562363238,0.9387308533916848,0.9529540538787842,0.0236425912538419,0.0130372929034745,0.051195588411386,0.0196949488163309,0.0571975095969438,0.717391312122345,0.695652186870575,0.7346938848495483,0.739130437374115,0.760869562625885,0.0334944725036621,0.0072436332702636,51.80662727355957,0.0698161125183105,0.4954688847064972,1.0,0.0500000119209289,1.0,411.90367364883423,0.0698161125183105
biais,0,0.1,0.9199411,1.0252645,1.0108811,1.3517973854509364,0.98189574,0.9033505154639176,0.9072164948453608,0.9033505154639176,0.9265463917525774,0.8801546096801758,0.0268006665554788,0.0239718802296691,0.0244532751484879,0.0347874423785087,0.0389214181190093,0.7051281929016113,0.7307692170143127,0.7124999761581421,0.7586206793785095,0.6794871687889099,0.0085053443908691,0.0038583278656005,74.47624802589417,0.0416359901428222,1.336097002029419,0.8904638886451721,0.0430504575024171,0.6790123581886292,352.0626714229584,0.0416359901428222
rf2,5,0.05,0.3914719,0.4699222,1.4117686,1.1906600577790252,0.4908773,0.9595185995623632,0.9595185995623632,0.949671772428884,0.9387308533916848,0.9518599510192872,0.0223281182827895,0.0369909411177351,0.0708803304206829,0.0439884742501905,0.0402666266627521,0.7058823704719543,0.695652186870575,0.7307692170143127,0.695652186870575,0.6739130616188049,0.0407571792602539,0.0081853866577148,50.090967893600464,0.0745890140533447,0.493303120136261,1.0,0.0500000119209289,1.0,427.8062474727631,0.0745890140533447
taxi,0,0.1,2.5893278,3.0626194,3.232376,3.2060184768676754,2.8931746,0.901794453507341,0.901794453507341,0.899673735725938,0.8862969004893965,0.8970636129379272,0.0892006624386711,0.1197716289398915,0.1257096390156333,0.1229363907803135,0.1247308454155727,0.6396104097366333,0.5779221057891846,0.5275974273681641,0.5398374199867249,0.5177993774414062,0.0561037063598632,0.0232040882110595,2.829156875610352,0.3285369873046875,2.7649545669555664,0.90179443359375,0.0839151846837452,0.6536585092544556,2641.644101858139,0.3285369873046875
rf2,7,0.05,0.34889627,0.44509917,1.3835375,1.332364725549783,0.49524722,0.9310722100656456,0.9452954048140044,0.949671772428884,0.9474835886214442,0.9551422595977784,0.0431123537973749,0.0392601980272802,0.0762601421007213,0.0531850176051394,0.0551390221811433,0.6734693646430969,0.695652186870575,0.717391312122345,0.6739130616188049,0.760869562625885,0.0244796276092529,0.0044398307800292,38.92550277709961,0.0697474479675293,0.4700556695461273,0.940919041633606,0.029221761504401,0.739130437374115,426.3525688648224,0.0697474479675293
biais,2,0.1,0.8694874,0.99950856,1.0555977,1.1500049008629831,1.0663831,0.8981958762886598,0.8969072164948454,0.895618556701031,0.8969072164948454,0.8981958627700806,0.007244007786608,0.0262679938879557,0.0317005850146682,0.0361009166041517,0.0309263931235762,0.7307692170143127,0.726190447807312,0.699999988079071,0.7051281929016113,0.737500011920929,0.0149571895599365,0.0045833587646484,2.564926862716675,0.0567893981933593,1.4088776111602783,0.8865979313850403,0.0118229859677891,0.7051281929016113,475.6217885017395,0.0567893981933593
biais,1,0.1,0.963203,1.0795867,1.2244415,1.1646151403203913,1.1709875,0.9020618556701032,0.9033505154639176,0.9317010309278352,0.8685567010309279,0.9317010045051576,0.0069214292475761,0.0084847022818572,0.0437932325927948,0.0554110820082419,0.0254938127562662,0.7179487347602844,0.7283950448036194,0.7674418687820435,0.6436781883239746,0.7692307829856873,0.0144565105438232,0.0055294036865234,2.579341650009156,0.0617620944976806,1.4923769235610962,0.93427836894989,0.0239768586718809,0.7948718070983887,441.938640832901,0.0617620944976806
casp,1,0.05,1.0685769,1.3816713,1.5667341,3.285417107582092,1.109686,0.9459991254919108,0.939440314822912,0.9433756012243112,0.9444687363358112,0.9414079785346984,0.0136207617652125,0.0219493029416095,0.0432660679296579,0.0399634636758559,0.028725331699326,0.864628791809082,0.7758620977401733,0.7108433842658997,0.7336244583129883,0.7805907130241394,0.0316061973571777,0.0131001472473144,1.9917199611663816,0.3553469181060791,1.648491144180298,0.9418452382087708,0.017948752420923,0.826839804649353,2000.377435207367,0.3553469181060791
casp,5,0.05,1.143029,1.4382892,1.5344522,3.376697056055071,1.1038246,0.95059029296021,0.9521206821163096,0.9368167905553126,0.9457804984696108,0.9374727010726928,0.0090307206361536,0.018672006101653,0.058134980487974,0.0487121584891497,0.0250777837624643,0.864628791809082,0.7966805100440979,0.5974025726318359,0.7379912734031677,0.7634854912757874,0.0297954082489013,0.0130755901336669,2.04447865486145,0.3654792308807373,1.7080843448638916,0.9532138109207152,0.0202020123963907,0.8253275156021118,4200.335247755051,0.3654792308807373
biais,3,0.1,0.8765711,1.0047538,0.99126107,1.1632267256741442,0.98934096,0.8917525773195877,0.9072164948453608,0.9007731958762888,0.9123711340206184,0.8891752362251282,0.0072291136123209,0.0007857827572313,0.0430504568871434,0.0133780101471641,0.0303986721614651,0.7307692170143127,0.7179487347602844,0.7283950448036194,0.7307692170143127,0.7307692170143127,0.0119106769561767,0.0042135715484619,4.430659294128418,0.0631244182586669,1.1921026706695557,0.8724226951599121,0.0308833633305318,0.6538461446762085,377.10183691978455,0.0631244182586669
biais,0,0.05,1.0900528,1.2882175,1.3478717,1.7061905699671085,1.3095483,0.9445876288659794,0.9548969072164948,0.9561855670103092,0.9871134020618556,0.9471649527549744,0.0214061212579113,0.0097957027944481,0.0184292860194806,0.0380132455999344,0.008388751497734,0.7435897588729858,0.7435897588729858,0.7560975551605225,0.8292682766914368,0.7435897588729858,0.0117273330688476,0.0041162967681884,2.175427198410034,0.0424592494964599,1.5823615789413452,0.9304123520851136,0.0185525185693089,0.692307710647583,332.55861473083496,0.0424592494964599
casp,7,0.05,1.1232313,1.4662368,1.6151292,3.248720769596098,1.115238,0.95037166593791,0.9486226497595104,0.9556187144731088,0.959772627896808,0.9505903124809264,0.0153930502945581,0.0207697436022736,0.0456282801374159,0.0384329329810628,0.0246831980456998,0.8601694703102112,0.7772925496101379,0.6724891066551208,0.8086956739425659,0.7782608866691589,0.029543399810791,0.0137498378753662,1.9942641258239744,0.3180978298187256,1.632472038269043,0.9462177753448486,0.0188455033251277,0.7991266250610352,4276.476471662521,0.3180978298187256
rf2,6,0.05,0.44286796,0.5293487,1.4181175,1.332949882274596,0.566732,0.936542669584245,0.9463894967177244,0.948577680525164,0.9704595185995624,0.9606127142906188,0.0161928773234142,0.0088782841276064,0.0699117367213061,0.028227355500524,0.0537164566431404,0.6521739363670349,0.717391312122345,0.7272727489471436,0.7872340679168701,0.739130437374115,0.0407884120941162,0.0110344886779785,43.60774278640747,0.0780723094940185,0.5540730357170105,1.0,0.0500000119209289,1.0,423.26186442375183,0.0780723094940185
rf2,9,0.05,0.41535926,0.47471032,1.5410713,1.4957967399261898,0.51612836,0.9660831509846828,0.9617067833698032,0.973741794310722,0.9715536105032824,0.9562363028526306,0.0352248941091763,0.014776325057607,0.0506485423082232,0.0392932303272653,0.0224386070845957,0.760869562625885,0.7659574747085571,0.804347813129425,0.7659574747085571,0.782608687877655,0.0292701721191406,0.006955862045288,43.48849534988403,0.0685837268829345,0.5203195810317993,1.0,0.0500000119209289,1.0,450.5634529590607,0.0685837268829345
casp,3,0.05,1.1252993,1.502325,1.6065464,2.3831261281967144,1.102887,0.9510275470048098,0.9479667686926104,0.9490599038041102,0.9462177525142108,0.945343255996704,0.0147779429448524,0.0306306815922828,0.0477038739851684,0.0397464638975594,0.0262363998687313,0.8706896305084229,0.7161571979522705,0.595652163028717,0.7543103694915771,0.782608687877655,0.0307214260101318,0.0126731395721435,2.0133209228515625,0.3256940841674804,1.77715003490448,0.9549628496170044,0.0266064569389087,0.800000011920929,2033.417396306992,0.3256940841674804
taxi,1,0.1,2.5706081,3.0314753,3.213923,3.613681547164916,2.8688562,0.90163132137031,0.899184339314845,0.903099510603589,0.89836867862969,0.9021207094192504,0.0871451984610876,0.1217944677657832,0.1251223639212852,0.1122349248624742,0.1168026241159361,0.6357723474502563,0.5553746223449707,0.5187602043151855,0.5774877667427063,0.5365853905677795,0.0508677959442138,0.0209302902221679,3.172431230545044,0.307626724243164,1.6370384693145752,0.8957585692405701,0.0884828833926949,0.6427406072616577,2731.2540340423584,0.307626724243164
casp,9,0.1,0.7574001,1.0389805,1.187786,1.3750097656249995,0.80029243,0.9044599912549192,0.9129864451246174,0.9073021425448186,0.9138609532138172,0.9092698097229004,0.0296892820067308,0.0583264234486194,0.0923474946724879,0.0699628274273221,0.0531258651613868,0.8149688243865967,0.7554585337638855,0.6550218462944031,0.7641921639442444,0.7685589790344238,0.0665287971496582,0.0272300243377685,4.674974203109741,0.7891530990600586,1.3255103826522827,0.9097070693969728,0.0571500189051681,0.7445414662361145,1787.4713246822355,0.7891530990600586
biais,7,0.1,0.8351214,0.9346225,1.0231512,1.055057846529352,1.048557,0.8917525773195877,0.8685567010309279,0.8904639175257731,0.9097938144329896,0.8994845151901245,0.0206137279008813,0.0285988242632106,0.0281108387232418,0.0381340053635653,0.0216112547417728,0.7124999761581421,0.6794871687889099,0.7051281929016113,0.7435897588729858,0.7407407164573669,0.0129988193511962,0.0057311058044433,14.707510232925417,0.0624997615814209,1.4337841272354126,0.938144326210022,0.0371331902769008,0.807692289352417,347.8263065814972,0.0624997615814209
biais,2,0.05,1.0866226,1.2924519,1.3187972,1.313497670304468,1.3266779,0.9574742268041238,0.9587628865979382,0.9600515463917526,0.9510309278350516,0.9613401889801024,0.0143110070019541,0.0219313540598693,0.024227467408547,0.0169172934967195,0.0121381378755577,0.7692307829856873,0.7692307829856873,0.7435897588729858,0.7435897588729858,0.7692307829856873,0.0114498138427734,0.0045194625854492,2.744363307952881,0.0610103607177734,1.7144124507904053,0.9510309100151062,0.0110976058091872,0.7435897588729858,518.1341333389282,0.0610103607177734
casp,8,0.1,0.8253866,1.036326,1.1747478,0.0,0.81345385,0.9044599912549192,0.9055531263664188,0.8992129427197202,0.90030607783122,0.9029296040534972,0.03458928249349,0.0428967362727029,0.088061616450366,0.0755572572786288,0.0439008637571384,0.8156182169914246,0.7683982849121094,0.6593886613845825,0.7037037014961243,0.7603485584259033,0.0705699920654296,0.0341956615447998,4.397351741790772,0.8618466854095459,1.351776123046875,0.9090511798858644,0.0453419551646841,0.751091718673706,1845.089133024216,0.8618466854095459
biais,9,0.1,0.80121833,0.98127276,0.99146545,1.0301171303576109,0.9692142,0.8775773195876289,0.8865979381443299,0.8891752577319587,0.8788659793814433,0.8943299055099487,0.0195748374972883,0.0350256432394433,0.0427907365190775,0.0420380426281439,0.0347890852659176,0.6875,0.692307710647583,0.7023809552192688,0.692307710647583,0.692307710647583,0.011784553527832,0.0039186477661132,9.987821102142334,0.0583524703979492,1.3100398778915403,0.8956185579299927,0.0126219994574168,0.7160493731498718,393.3117322921753,0.0583524703979492
biais,3,0.05,1.0762885,1.2056886,1.2776581,1.3712456161214288,1.2394961,0.9497422680412372,0.9458762886597938,0.9458762886597938,0.9510309278350516,0.9432989954948424,-0.0009784921059636,0.0123664202455452,0.0168990923384184,0.0148006652365843,0.009687345373029,0.75,0.7179487347602844,0.7560975551605225,0.7179487347602844,0.7435897588729858,0.0092222690582275,0.0036237239837646,3.9767637252807617,0.0613534450531005,1.472448468208313,0.935567021369934,0.0231794804240969,0.7250000238418579,370.6915032863617,0.0613534450531005
biais,1,0.05,1.1841813,1.4654319,1.5630677,1.3353035719499762,1.5620697,0.9548969072164948,0.963917525773196,0.9690721649484536,0.9265463917525774,0.967783510684967,0.0153258943567599,0.0103035628006811,0.0248486442404211,0.0424987568482571,0.0097626219010727,0.7435897588729858,0.7948718070983887,0.7948718070983887,0.6499999761581421,0.7857142686843872,0.0117402076721191,0.0052623748779296,2.6737005710601807,0.066941499710083,1.9479442834854128,0.984536111354828,0.0316857018975604,0.8717948794364929,530.281311750412,0.066941499710083
biais,8,0.1,0.8652045,1.0221387,1.020557,1.1852621301401214,1.0579238,0.895618556701031,0.9059278350515464,0.8930412371134021,0.9149484536082474,0.9007731676101683,0.0389230809830948,0.0286203532991969,0.0719073666177375,0.0482249883524734,0.0577022387214294,0.6962025165557861,0.7088607549667358,0.6913580298423767,0.7088607549667358,0.6794871687889099,0.0189568996429443,0.0073521137237548,14.05670952796936,0.388866662979126,1.307568073272705,0.9007731676101683,0.0231910716057612,0.7179487347602844,635.0867676734924,0.388866662979126
scm1d,2,0.1,1.1397121,1.2111193,1.626271,1.779397282182012,1.1930629,0.908256880733945,0.9143730886850152,0.9031600407747196,0.8674821610601428,0.8980631828308105,0.0312959815138648,0.0328996303834088,0.1207956225306681,0.0394706203630523,0.1242639734635609,0.7373737096786499,0.747474730014801,0.5899999737739563,0.6666666865348816,0.5588235259056091,0.0525894165039062,0.0055124759674072,4.320846319198608,0.0551915168762207,1.2948720455169678,1.0,0.1000000238418579,1.0,487.62621998786926,0.0551915168762207
biais,4,0.1,0.84293836,0.94832134,0.92876065,0.9981765847128536,0.93752944,0.913659793814433,0.8969072164948454,0.8827319587628866,0.8969072164948454,0.8917526006698608,0.0128900043307699,0.0007890832966472,0.0523258872008501,0.0250107537368982,0.0347923944053618,0.7647058963775635,0.7307692170143127,0.692307710647583,0.7088607549667358,0.6976743936538696,0.0262999534606933,0.0091528892517089,26.938289165496823,0.1441004276275634,1.2953249216079712,0.8994845151901245,-0.0113531822464109,0.7317073345184326,1016.8067095279694,0.1441004276275634
taxi,0,0.05,3.338949,3.9343252,4.046634,4.471424986267089,3.906015,0.9507340946166396,0.9535073409461664,0.9487765089722676,0.9432300163132136,0.9487764835357666,0.0524796143052628,0.0613703178542667,0.0695432381956651,0.0654486202688046,0.0674388334373859,0.7459283471107483,0.6872963905334473,0.5584415793418884,0.6091205477714539,0.5681818127632141,0.0525121688842773,0.0211362838745117,2.857320547103882,0.3310854434967041,3.3084259033203125,0.9543229937553406,0.0411745594920769,0.7411003112792969,2503.004628181457,0.3310854434967041
taxi,9,0.1,2.6946056,3.1106207,3.2826316,0.0,2.990545,0.9071778140293638,0.902936378466558,0.9024469820554648,0.8964110929853181,0.8986949324607849,0.0924959335202688,0.1238825598120883,0.1271778285600621,0.1113213832771214,0.1247308460378724,0.636215329170227,0.5504885911941528,0.5122349262237549,0.58890700340271,0.5057096481323242,0.0312469005584716,0.0137968063354492,3.7115464210510254,0.3851869106292724,2.789689540863037,0.9032626152038574,0.0773246472266914,0.6476345658302307,2309.890176057816,0.3851869106292724
taxi,8,0.1,2.6586251,3.1316075,3.283345,3.0000365703582763,2.9846869,0.9079934747145187,0.9092985318107668,0.9061990212071778,0.899510603588907,0.9086459875106812,0.0870473207501758,0.124371957001056,0.1275367198527151,0.1190538480659099,0.1182055617623383,0.6394779682159424,0.5725938081741333,0.5171288847923279,0.554649293422699,0.5318107604980469,0.0309724807739257,0.0159275531768798,3.62876296043396,0.4135608673095703,2.801125288009644,0.9123980402946472,0.0833931637821539,0.682539701461792,2353.6339490413666,0.4135608673095703
biais,5,0.1,0.9746734,1.1177789,1.0605655,1.0441692725702585,1.1186111,0.9252577319587628,0.9252577319587628,0.9085051546391752,0.895618556701031,0.9329897165298462,0.0169776838391748,0.0306534485071527,0.0322282945961869,0.0391745260611755,0.0342713184411906,0.7906976938247681,0.7820512652397156,0.7530864477157593,0.7142857313156128,0.7820512652397156,0.0259723663330078,0.0458936691284179,24.552581310272217,0.1569268703460693,1.342292547225952,0.9007731676101683,-3.803905916174542e-05,0.7435897588729858,969.9545979499816,0.1569268703460693
biais,6,0.1,0.9655365,1.1354553,1.1671593,1.405889984409342,1.1719189,0.922680412371134,0.9252577319587628,0.9304123711340206,0.9420103092783504,0.9239690899848938,0.0164979465585587,0.016971066798722,0.0324797522775194,0.0432754553222183,0.0223672605231342,0.7804877758026123,0.7341772317886353,0.7948718070983887,0.792682945728302,0.7560975551605225,0.02903413772583,0.0154416561126708,24.81002855300904,0.1736049652099609,1.298951506614685,0.8853092789649963,0.026276259345393,0.6410256624221802,559.2125468254089,0.1736049652099609
taxi,5,0.1,2.5932078,3.157528,3.2495387,1.97796779232025,3.0307364,0.901305057096248,0.9065252854812398,0.9057096247960847,0.9055464926590538,0.9097879528999328,0.0906362257812773,0.1216639626862368,0.1241435712546742,0.1059053978367692,0.1117781553143972,0.6166394948959351,0.56747967004776,0.5340909361839294,0.6329526901245117,0.5479674935340881,0.0356972217559814,0.018247365951538,4.044211864471436,0.425041913986206,2.7467129230499268,0.9102773070335388,0.077748790689627,0.6672104597091675,2685.7146606445312,0.425041913986206
taxi,7,0.1,2.6140313,3.0638554,3.1863399,2.991954707622527,3.0512002,0.902610114192496,0.8986949429037521,0.8955954323001631,0.9040783034257748,0.8985317945480347,0.094225134429496,0.1258727714249204,0.134062004594974,0.1088417768089456,0.1234257892138806,0.6280587315559387,0.5415986776351929,0.4887459874153137,0.631321370601654,0.5269168019294739,0.0352745056152343,0.0166928768157959,3.91241455078125,0.4280869960784912,2.707044839859009,0.8988580703735352,0.0846655919151243,0.6704730987548828,2404.968052387237,0.4280869960784912
taxi,4,0.1,2.6235886,3.0635588,3.2778041,3.474331532669068,2.9627712,0.8959216965742252,0.8946166394779772,0.8985318107667211,0.8988580750407831,0.8952691555023193,0.0992496025309477,0.1303099651710049,0.1302447122228476,0.1227406340749967,0.1261990346488517,0.6076555252075195,0.531604528427124,0.5122349262237549,0.6048780679702759,0.5153970718383789,0.0400042533874511,0.0169196128845214,3.9447062015533447,0.4281532764434814,2.778382062911988,0.907340943813324,0.0875367185225494,0.6606851816177368,2711.277351617813,0.4281532764434814
taxi,6,0.1,2.5540278,3.0594661,3.1858213,2.505791640853882,2.8627126,0.8929853181076672,0.8970636215334421,0.8926590538336052,0.897716150081566,0.8928222060203552,0.101174563295884,0.1380424287929815,0.1384991983799522,0.1233931625064395,0.1333442222819242,0.5720788836479187,0.517241358757019,0.4698205590248108,0.562601625919342,0.4717868268489837,0.0354576110839843,0.0179619789123535,3.917225599288941,0.4230527877807617,2.714025497436523,0.9058727622032166,0.0917455276112766,0.6335504651069641,2573.8684437274933,0.4230527877807617
biais,7,0.05,1.0298158,1.1971688,1.2952018,1.1899529269145706,1.214809,0.9394329896907216,0.9394329896907216,0.9420103092783504,0.9716494845360824,0.94072163105011,0.0146840352939119,0.0334962788399238,0.0212332535430949,0.0253747001810444,0.0243349878713057,0.692307710647583,0.6888889074325562,0.692307710647583,0.8048780560493469,0.6976743936538696,0.0137145519256591,0.00480318069458,17.4617760181427,0.0625209808349609,1.7316844463348389,0.9652062058448792,0.0210008367474558,0.7857142686843872,332.8803391456604,0.0625209808349609
biais,9,0.05,1.0303043,1.1852767,1.2279296,1.2396948628986004,1.1890442,0.9381443298969072,0.9291237113402062,0.9471649484536082,0.9574742268041238,0.9471649527549744,0.0146889965419832,0.0076989231985201,0.0145938817896657,0.0153300312356183,0.014406125126445,0.6666666865348816,0.6410256624221802,0.7435897588729858,0.7555555701255798,0.6818181872367859,0.0155744552612304,0.0058314800262451,10.96232271194458,0.0620355606079101,1.6241552829742432,0.9484536051750184,0.0176592254796434,0.7179487347602844,376.9778108596802,0.0620355606079101
taxi,1,0.05,3.3421283,3.9735332,4.0959597,4.080710968017578,3.885868,0.9526916802610114,0.9546492659053832,0.9513866231647634,0.9481239804241436,0.951549768447876,0.0488580813221207,0.0645350819505252,0.0687112650318985,0.0645350812504381,0.0659706448264067,0.7280966639518738,0.6547231078147888,0.5210356116294861,0.6351791620254517,0.554858922958374,0.0536010265350341,0.0205960273742675,3.100841522216797,0.3300874233245849,2.7212612628936768,0.9517129063606262,0.0418270875734761,0.7491856813430786,2754.7250411510468,0.3300874233245849
scm1d,2,0.05,1.2849085,1.3434932,2.311616,1.8254916221225148,1.8230479,0.9418960244648318,0.9408766564729868,0.9480122324159022,0.9520897043832824,0.9480122327804564,0.0166409443743201,0.0159598090457728,0.0786486154372959,0.0099331859521985,0.071411486816421,0.692307710647583,0.6909090876579285,0.4600000083446502,0.7636363506317139,0.4799999892711639,0.0531618595123291,0.005176305770874,55.15565514564514,0.055283784866333,1.2948720455169678,1.0,0.0500000119209289,1.0,437.2344892024994,0.055283784866333
scm1d,0,0.1,1.1014404,1.1473597,1.6034372,1.821418673687813,1.2396921,0.8939857288481141,0.8950050968399592,0.8837920489296636,0.872579001019368,0.8939857482910156,0.0500631949993707,0.0274443197420788,0.1275427442751411,0.036546151183324,0.1138713474139319,0.7326732873916626,0.7227723002433777,0.5142857432365417,0.6899999976158142,0.5699999928474426,0.0844767093658447,0.0082767009735107,21.54821920394897,0.0829246044158935,1.2812914848327637,1.0,0.1000000238418579,1.0,478.4559330940247,0.0829246044158935
scm1d,1,0.1,1.1234506,1.1664351,1.6334505,1.5753551047843204,1.2057009,0.9194699286442406,0.9194699286442406,0.9062181447502548,0.9133537206931702,0.8980631828308105,0.0192769276679618,0.0276432372530075,0.1124396697469391,0.0447394706308069,0.1189578497495031,0.7962962985038757,0.7676767706871033,0.5858585834503174,0.7747747898101807,0.594059407711029,0.0810291767120361,0.0083081722259521,21.86182713508606,0.0762090682983398,1.270992875099182,1.0,0.1000000238418579,1.0,488.9042637348175,0.0762090682983398
biais,8,0.05,1.1107713,1.2283218,1.316831,1.2977152474051743,1.3384522,0.9536082474226804,0.9445876288659794,0.9600515463917526,0.9587628865979382,0.9561855792999268,0.018028127944006,0.030684039096777,0.0194458291686399,0.0077220923571275,0.0301406161897531,0.7692307829856873,0.699999988079071,0.7435897588729858,0.7435897588729858,0.738095223903656,0.0142219066619873,0.0060033798217773,13.412843465805054,0.2586486339569092,1.6181890964508057,0.9587628841400146,0.0111662606901132,0.75,605.2882509231567,0.2586486339569092
scm1d,3,0.1,1.1102949,1.1372147,1.5185167,1.5855865924472838,1.1709044,0.8970438328236493,0.8929663608562691,0.8950050968399592,0.9235474006116208,0.8970438241958618,0.0388832528900139,0.060875380560362,0.1346441654680825,0.0271977783237407,0.1115943367414791,0.747474730014801,0.6767676472663879,0.5799999833106995,0.7979797720909119,0.6100000143051147,0.0797374248504638,0.0092856884002685,20.88561463356018,0.0777196884155273,1.3106001615524292,1.0,0.1000000238418579,1.0,496.3113322257996,0.0777196884155273
scm1d,5,0.1,1.097005,1.1428766,1.3909863,1.549497855569928,1.1268739,0.8888888888888888,0.891946992864424,0.8593272171253823,0.8888888888888888,0.8685015439987183,0.0277975744982772,0.0082658226682919,0.1434538569757138,0.0327670186193053,0.1232632439222704,0.7156862616539001,0.7383177280426025,0.4949494898319244,0.7227723002433777,0.4848484992980957,0.0836803913116455,0.0099682807922363,21.742290019989017,0.1143305301666259,1.27031147480011,1.0,0.1000000238418579,1.0,478.57237362861633,0.1143305301666259
scm1d,4,0.1,1.1119016,1.1672983,1.6344811,1.8083316025822496,1.2800705,0.9072375127420998,0.9164118246687054,0.9184505606523956,0.8888888888888888,0.9072375297546388,0.0241583021616029,0.0349756703813446,0.1099865477257758,0.0506951281496567,0.1109696608139025,0.7739130258560181,0.7777777910232544,0.6831682920455933,0.6732673048973083,0.6346153616905212,0.0857768058776855,0.0079319477081298,21.202869415283203,0.0935149192810058,1.2769980430603027,1.0,0.1000000238418579,1.0,488.8899705410004,0.0935149192810058
scm1d,6,0.1,1.1299891,1.1656709,1.6258118,1.7234458316070602,1.090593,0.8848114169215087,0.8746177370030581,0.9041794087665648,0.8899082568807339,0.903160035610199,0.0184709380503628,0.0219330618718146,0.1038454497526139,0.0382461419528375,0.1073272680008731,0.7200000286102295,0.7128713130950928,0.6262626051902771,0.75,0.6141732335090637,0.0824894905090332,0.0051655769348144,21.77143096923828,0.1123981475830078,1.2776280641555786,1.0,0.1000000238418579,1.0,489.72525215148926,0.1123981475830078
scm20d,0,0.1,1.1637422,1.1566358,1.7035029,2.3290276573208755,0.8540541,0.8942093541202673,0.8775055679287305,0.900890868596882,0.930957683741648,0.8964365124702454,0.0206865342517286,0.0369745412737149,0.1149298705616624,0.0338758700727158,0.1027014412797067,0.7142857313156128,0.7142857313156128,0.6344085931777954,0.800000011920929,0.6666666865348816,0.0678246021270752,0.0042273998260498,3.426867723464966,0.0681772232055664,1.5653876066207886,0.8841871023178101,0.0251930452858269,0.7222222089767456,493.5094759464264,0.0681772232055664
scm20d,1,0.1,1.2393574,1.268744,1.9200706,2.627565003610699,0.9111263,0.9075723830734966,0.8997772828507795,0.9120267260579064,0.8953229398663697,0.9175946712493896,0.0369720782395995,0.0303054059905934,0.111363142565272,0.06438237964108,0.1000136704003862,0.7659574747085571,0.7444444298744202,0.6813187003135681,0.7333333492279053,0.695652186870575,0.0514099597930908,0.0070881843566894,40.59937882423401,0.0525312423706054,1.9002492427825928,1.0,0.1000000238418579,1.0,480.0083854198456,0.0525312423706054
scm1d,7,0.1,1.0593938,1.1084511,1.556507,1.6270811587639469,1.2352291,0.8664627930682977,0.873598369011213,0.8939857288481141,0.8634046890927625,0.8929663896560669,0.0368206733979549,0.0380316964174371,0.1356479975024517,0.0362094567820628,0.1185279307644021,0.6464646458625793,0.6944444179534912,0.5643564462661743,0.6868686676025391,0.603960394859314,0.0685675144195556,0.0059504508972167,79.88759779930115,0.0604135990142822,1.2499552965164185,1.0,0.1000000238418579,1.0,493.1097400188446,0.0604135990142822
scm1d,8,0.1,1.151235,1.1758631,1.6315446,1.7848843786540738,1.146486,0.9011213047910296,0.8899082568807339,0.8960244648318043,0.9490316004077471,0.8919469714164734,0.0384067203978065,0.0318999302297086,0.1287237270068816,0.048434705754259,0.1240371004566681,0.75,0.737864077091217,0.5353535413742065,0.8181818127632141,0.5555555820465088,0.0721101760864257,0.0060465335845947,5.999882459640503,0.0748109817504882,1.3197708129882812,1.0,0.1000000238418579,1.0,488.4269092082977,0.0748109817504882
scm1d,9,0.1,1.1620101,1.1596123,1.6015261,1.7094294610894836,1.1696528,0.8888888888888888,0.8705402650356778,0.908256880733945,0.8858307849133538,0.9021406769752502,0.0133378205121051,0.0270330315388065,0.1210276745445775,0.0170289026076813,0.1120522253293268,0.7171717286109924,0.7070707082748413,0.5882353186607361,0.7171717286109924,0.5757575631141663,0.0712780952453613,0.0060193538665771,7.536514759063721,0.0733139514923095,1.2462211847305298,1.0,0.1000000238418579,1.0,478.980583190918,0.0733139514923095
biais,4,0.05,1.0363247,1.2125555,1.1473835,1.211685187516377,1.1669742,0.9600515463917526,0.9536082474226804,0.9368556701030928,0.9690721649484536,0.9510309100151062,0.0033407829111523,0.0191687390733297,0.0287502065653442,0.0183250713101884,0.0131232454837896,0.7692307829856873,0.7692307829856873,0.6666666865348816,0.7948718070983887,0.7317073345184326,0.0272655487060546,0.0176680088043212,26.50918173789978,0.1499547958374023,1.6589224338531494,0.9664948582649232,0.0118560877607517,0.7948718070983887,955.2503781318665,0.1499547958374023
scm20d,2,0.1,1.2366011,1.3186913,1.8158526,3.103016140140116,0.6034138,0.8953229398663697,0.9020044543429844,0.8930957683741648,0.9064587973273942,0.8964365124702454,0.0207473641667286,0.0222470589545408,0.1231583002130116,0.0296325371607277,0.0995605310766242,0.7362637519836426,0.7553191781044006,0.6521739363670349,0.72826087474823,0.6888889074325562,0.0720431804656982,0.0040240287780761,5.391273260116577,0.0691397190093994,1.656347155570984,0.8919821977615356,0.0632464387015775,0.6666666865348816,466.58717918396,0.0691397190093994
scm20d,6,0.1,1.2272342,1.3028092,1.8502575,2.627094908811863,1.085031,0.8986636971046771,0.9020044543429844,0.9097995545657016,0.9164810690423164,0.9175946712493896,0.0069186854096098,0.0171582919214912,0.0988615904144438,0.0507895819464505,0.0901849928781307,0.7444444298744202,0.7526881694793701,0.7083333134651184,0.7525773048400879,0.72826087474823,0.0491008758544921,0.004467487335205,84.85200190544128,0.0509521961212158,1.7238162755966189,0.9142538905143738,0.0429782859484354,0.7731958627700806,484.664146900177,0.0509521961212158
biais,5,0.05,1.2090985,1.3836132,1.2620643,1.2333221493919024,1.2239947,0.9716494845360824,0.9652061855670104,0.940721649484536,0.961340206185567,0.9484536051750184,0.0188147316982767,0.0065665913604329,0.0211381283468998,0.0169718853287503,0.0174160486237878,0.7843137383460999,0.7948718070983887,0.7435897588729858,0.75,0.7435897588729858,0.0279040336608886,0.011484146118164,27.216712713241577,0.1547057628631591,1.7365633249282837,0.967783510684967,0.0093962045106343,0.8095238208770752,1506.5877511501312,0.1547057628631591
scm20d,1,0.05,1.4797187,1.5880512,2.3419561,2.666208674303177,1.3596759,0.9576837416481068,0.9576837416481068,0.9487750556792872,0.9632516703786193,0.9510022401809692,0.011578528600624,0.0183600313348255,0.0621576734272905,0.0149298668958473,0.0516859174440692,0.800000011920929,0.7708333134651184,0.6666666865348816,0.800000011920929,0.6666666865348816,0.053185224533081,0.0058474540710449,48.99290943145752,0.051826000213623,1.9002492427825928,1.0,0.0500000119209289,1.0,480.53515815734863,0.051826000213623
scm20d,5,0.1,1.2557106,1.2977595,1.8504751,2.517563429994976,0.7563674,0.9053452115812918,0.8997772828507795,0.8919821826280624,0.8930957683741648,0.8953229188919067,0.0289596600949875,0.0441067685420878,0.1245164613040021,0.074615772180421,0.1138063432058882,0.7444444298744202,0.7333333492279053,0.6630434989929199,0.7142857313156128,0.6888889074325562,0.070796251296997,0.0057003498077392,29.069233417510983,0.0564837455749511,1.937372803688049,1.0,0.1000000238418579,1.0,467.2004203796387,0.0564837455749511
taxi,9,0.05,3.3891382,3.9506645,4.1909556,0.3794011991500854,4.032745,0.9517128874388254,0.9528548123980424,0.9508972267536704,0.9468189233278956,0.9507340788841248,0.0514518829193239,0.0675040868911618,0.0707341033521717,0.0660195834290534,0.0692659140411053,0.6938110589981079,0.6193548440933228,0.5144694447517395,0.598705530166626,0.4951768517494201,0.0302109718322753,0.0112628936767578,3.6618382930755615,0.4108474254608154,3.3485467433929443,0.9525285363197328,0.0429853260614354,0.701298713684082,2585.2518825531006,0.4108474254608154
scm20d,4,0.1,1.2467875,1.3053123,1.8298544,2.6911316429611296,0.86948466,0.9020044543429844,0.9053452115812918,0.9053452115812918,0.9031180400890868,0.9031180143356324,0.0213743067705283,0.0260397349507967,0.0986704031685581,0.0467982717732477,0.109381760341791,0.7472527623176575,0.7659574747085571,0.6666666865348816,0.72826087474823,0.6666666865348816,0.0653724670410156,0.0035336017608642,13.750341176986694,0.0627689361572265,1.944539785385132,1.0,0.1000000238418579,1.0,482.0601129531861,0.0627689361572265
scm20d,3,0.1,1.3184669,1.415981,1.8520219,2.7023224310458827,0.73907894,0.910913140311804,0.9142538975501112,0.9020044543429844,0.9220489977728286,0.8853006958961487,0.0115617752015997,0.0278485534932582,0.1118224828351291,0.0425524652218833,0.1253979005553129,0.7777777910232544,0.7777777910232544,0.6666666865348816,0.7777777910232544,0.621052622795105,0.0829834938049316,0.0067181587219238,17.44056725502014,0.0695381164550781,1.78731107711792,0.916481077671051,0.0412352703462691,0.7634408473968506,484.0335695743561,0.0695381164550781
taxi,8,0.05,3.3953629,3.9925587,4.1389203,3.946244765090945,3.8264418,0.9559543230016312,0.9531810766721044,0.9520391517128874,0.9520391517128874,0.9504078030586244,0.0521533520536749,0.0697879370429582,0.072544870388255,0.0633768436570346,0.0728385080715571,0.702194333076477,0.6156351566314697,0.5146579742431641,0.6351791620254517,0.5081433057785034,0.0287420749664306,0.0118758678436279,3.370692729949951,0.3948769569396972,3.3330624103546143,0.9610114097595216,0.0441272516818458,0.754045307636261,2690.077362298965,0.3948769569396972
scm20d,0,0.05,1.3573405,1.381826,2.150477,2.348380250254523,1.1847159,0.9476614699331848,0.94543429844098,0.9398663697104676,0.9532293986636972,0.9510022401809692,0.0149919338007287,0.0210192448037666,0.0757306095445326,0.0067827489692775,0.0762992011457404,0.7555555701255798,0.7555555701255798,0.6222222447395325,0.7777777910232544,0.6800000071525574,0.0697295665740966,0.0053141117095947,4.146594047546387,0.0723929405212402,1.9546210765838623,1.0,0.0500000119209289,1.0,483.1605942249298,0.0723929405212402
biais,6,0.05,1.1603736,1.3792784,1.5665834,1.537053380737308,1.390746,0.9664948453608248,0.9600515463917526,0.981958762886598,0.9626288659793816,0.9639175534248352,0.0104631995149049,0.0163689065866967,0.0358213509499681,0.0180372297566621,0.0144251543337693,0.7692307829856873,0.7435897588729858,0.8333333134651184,0.7692307829856873,0.7435897588729858,0.0324633121490478,0.0160262584686279,24.92604327201844,0.1606779098510742,1.6978622674942017,0.9613401889801024,0.0112001736298191,0.7435897588729858,735.4143364429474,0.1606779098510742
scm1d,7,0.05,1.2000594,1.2816563,2.026034,1.6556520430407795,1.6614966,0.9235474006116208,0.9235474006116208,0.945973496432212,0.9571865443425076,0.9459735155105592,0.0200429871114908,0.0258551712420447,0.0673096522165557,0.0207593568023666,0.0602766047904222,0.699999988079071,0.7200000286102295,0.6000000238418579,0.800000011920929,0.6600000262260437,0.1622352600097656,0.0073819160461425,78.92909336090088,0.0585358142852783,1.2499552965164185,1.0,0.0500000119209289,1.0,498.7344627380371,0.0585358142852783
scm1d,1,0.05,1.2679856,1.3407141,2.1091955,1.5945299949687066,1.7098788,0.9531090723751274,0.9592252803261978,0.9469928644240572,0.9949031600407748,0.9469928741455078,0.0092225266153745,0.0162674893767774,0.0670299470813659,0.0446990691601618,0.0610188619819784,0.7799999713897705,0.7818182110786438,0.4399999976158142,0.9200000166893004,0.5,0.0758922100067138,0.0082941055297851,22.38587045669556,0.0758285522460937,1.2739381790161133,1.0,0.0500000119209289,1.0,482.3533709049225,0.0758285522460937
scm20d,6,0.05,1.4693234,1.5154854,2.583021,2.638202976039172,1.3870968,0.955456570155902,0.9521158129175946,0.965478841870824,0.965478841870824,0.952115833759308,-0.0019813737300965,0.0006939830327167,0.0547933051691226,0.0272880287595153,0.0514605912408941,0.7454545497894287,0.7454545497894287,0.7111111283302307,0.7555555701255798,0.692307710647583,0.0554637908935546,0.0048089027404785,3.344377517700196,0.0500504970550537,1.9616050720214844,1.0,0.0500000119209289,1.0,453.9081726074219,0.0500504970550537
scm1d,0,0.05,1.2703742,1.3330626,2.3283634,1.85459809132963,1.7521455,0.944954128440367,0.9378185524974516,0.965341488277268,0.9235474006116208,0.9561671614646912,0.0241914449572427,0.0153454889439059,0.0589661346918855,0.0290925099913177,0.0590774983300405,0.7599999904632568,0.7358490824699402,0.5660377144813538,0.6346153616905212,0.5283018946647644,0.0829720497131347,0.0071680545806884,21.8713173866272,0.0817129611968994,1.2812914848327637,1.0,0.0500000119209289,1.0,479.1582500934601,0.0817129611968994
scm1d,8,0.05,1.2832402,1.3458959,2.2416573,1.794757371828125,1.815605,0.9520897043832824,0.9398572884811416,0.9490316004077471,0.9643221202854232,0.9459735155105592,0.0109639533434484,0.0202144393695644,0.0620195878764748,0.0207510694671539,0.0662110307328283,0.7358490824699402,0.7358490824699402,0.5384615659713745,0.8148148059844971,0.529411792755127,0.0716578960418701,0.0061085224151611,6.498646259307861,0.0748636722564697,1.3197708129882812,1.0,0.0500000119209289,1.0,489.56790828704834,0.0748636722564697
taxi,5,0.05,3.4154077,4.012265,4.253505,3.4261511077880864,3.9525256,0.9544861337683525,0.9536704730831974,0.9549755301794454,0.9494290375203916,0.9536705017089844,0.049086466718459,0.0622838580005514,0.0687765179022684,0.0614681964208406,0.0650407917736794,0.7166123986244202,0.6482084393501282,0.5374592542648315,0.6938110589981079,0.5309446454048157,0.0365638732910156,0.0143356323242187,3.751567840576172,0.4329612255096435,3.2421836853027344,0.9525285363197328,0.0437357335261769,0.732899010181427,2297.082240819931,0.4329612255096435
taxi,4,0.05,3.3034105,3.8595178,4.1581087,4.563907045364381,3.9754658,0.9440456769983688,0.9437194127243068,0.9513866231647634,0.9492659053833604,0.9499184489250184,0.0573898917504663,0.0737357336778625,0.0703588989197138,0.0678629772114714,0.0696248044780961,0.6970683932304382,0.6310679316520691,0.5598705410957336,0.6416938304901123,0.5566343069076538,0.0353822708129882,0.0136940479278564,3.8991270065307617,0.4253652095794678,3.277266263961792,0.9505709409713744,0.0420880983937622,0.7263843417167664,2395.338572025299,0.4253652095794678
taxi,7,0.05,3.3482058,3.9700155,4.104179,3.7416735048294063,3.9292395,0.9505709624796084,0.9491027732463296,0.9474714518760196,0.9495921696574224,0.9476345777511596,0.0522675433711165,0.0657096333060334,0.0685807589022214,0.0641435643782623,0.0683034341642557,0.7166123986244202,0.6221498250961304,0.5211726427078247,0.6449511647224426,0.534201979637146,0.0369689464569091,0.0140454769134521,3.864424228668213,0.4358060359954834,3.196638584136963,0.9492658972740172,0.0375367121634242,0.7580645084381104,2546.2798063755035,0.4358060359954834
scm1d,5,0.05,1.2897013,1.3220085,1.9165154,1.56732279194599,1.5156145,0.9622833843017328,0.9469928644240572,0.9367991845056064,0.9531090723751274,0.9317023158073424,0.0193126576577618,0.0126706758447475,0.0562105111046849,0.0146394952602192,0.0677509639505943,0.7924528121948242,0.7400000095367432,0.5199999809265137,0.7735849022865295,0.5384615659713745,0.0783851146697998,0.0069386959075927,21.444509744644165,0.0773961544036865,1.2581719160079956,1.0,0.0500000119209289,1.0,393.4061784744263,0.0773961544036865
taxi,6,0.05,3.3391826,3.8900566,4.0489426,3.1558913772583006,3.7124703,0.9504078303425776,0.9481239804241436,0.9505709624796084,0.9495921696574224,0.9482871294021606,0.0608482940745392,0.0731973981585043,0.072854820939106,0.0711093065789239,0.0717618352826229,0.6784566044807434,0.5830618739128113,0.4983713328838348,0.5928338766098022,0.4885993599891662,0.0384125709533691,0.0156319141387939,4.127050161361694,0.4241266250610351,3.201097249984741,0.9510603547096252,0.0494453586334116,0.6612377762794495,2404.814110517502,0.4241266250610351
scm1d,3,0.05,1.2525079,1.2983296,1.9686664,1.5931910713999409,1.5648872,0.9500509683995922,0.9398572884811416,0.943934760448522,0.9551478083588176,0.9388379454612732,0.0230948970705119,0.0242142360432461,0.0634393528769155,0.0232694564391254,0.0713912846263327,0.7200000286102295,0.699999988079071,0.6000000238418579,0.7200000286102295,0.5600000023841858,0.0619959831237793,0.0077626705169677,22.079949140548703,0.0769596099853515,1.3312647342681885,1.0,0.0500000119209289,1.0,472.9201591014862,0.0769596099853515
scm1d,4,0.05,1.2559628,1.3352885,2.1254733,1.825050932552844,1.9081517,0.9500509683995922,0.9531090723751274,0.9582059123343528,0.9347604485219164,0.9643221497535706,0.0143271568104799,0.0169708953846751,0.0604957101389026,0.0257546908840865,0.058857877923456,0.7799999713897705,0.7894737124443054,0.5961538553237915,0.6538461446762085,0.6399999856948853,0.0718398094177246,0.0118443965911865,20.82314944267273,0.0941190719604492,1.2712970972061155,1.0,0.0500000119209289,1.0,394.0825343132019,0.0941190719604492
scm1d,6,0.05,1.2611985,1.3160685,2.0596974,1.7489446786766107,1.5594035,0.9367991845056064,0.930682976554536,0.9490316004077471,0.9337410805300712,0.9439347386360168,0.0117838939767815,0.0141230651680995,0.0620128537316057,0.0231068041452308,0.0492789877605823,0.7586206793785095,0.7400000095367432,0.5400000214576721,0.7358490824699402,0.5400000214576721,0.0844259262084961,0.0060038566589355,21.29723358154297,0.0821499824523925,1.3004604578018188,1.0,0.0500000119209289,1.0,476.6701362133026,0.0821499824523925
scm1d,9,0.05,1.3595301,1.3858762,2.1152947,1.7276983480416406,1.6180739,0.9480122324159022,0.9408766564729868,0.944954128440367,0.9531090723751274,0.9439347386360168,0.003911220974889,0.0024883432683704,0.0656252021013017,0.0033305754849765,0.06673936352549,0.7599999904632568,0.7599999904632568,0.5600000023841858,0.7796609997749329,0.5199999809265137,0.0543487071990966,0.009129524230957,7.1791510581970215,0.0737140178680419,1.2424116134643557,1.0,0.0500000119209289,1.0,492.4195597171784,0.0737140178680419
scm20d,2,0.05,1.4547122,1.5942255,2.4668763,3.140389456558786,1.1078333,0.9610244988864144,0.9688195991091314,0.9498886414253898,0.9498886414253898,0.955456554889679,0.0124649382310946,0.0182420969172192,0.0671427773075174,0.0255071431742478,0.0575530815746087,0.800000011920929,0.8222222328186035,0.6666666865348816,0.739130437374115,0.7021276354789734,0.0750532150268554,0.005699872970581,5.3697545528411865,0.0677316188812255,1.9160436391830444,1.0,0.0500000119209289,1.0,490.1425154209137,0.0677316188812255
scm20d,5,0.05,1.396953,1.475869,2.3213377,2.55043052858247,1.2383972,0.9342984409799554,0.94543429844098,0.9398663697104676,0.9510022271714922,0.9387527704238892,0.0220924861670872,0.0314487930767881,0.0716126699258199,0.0136989490820116,0.0672644382415537,0.7291666865348816,0.7333333492279053,0.6399999856948853,0.7333333492279053,0.7111111283302307,0.068880558013916,0.0060541629791259,23.49359703063965,0.0610194206237793,1.937372803688049,1.0,0.0500000119209289,1.0,463.5056138038635,0.0610194206237793
scm20d,7,0.1,1.1971774,1.2511792,1.7558368,2.6166847818614225,0.8549819,0.8942093541202673,0.9053452115812918,0.9031180400890868,0.9020044543429844,0.904231607913971,-0.0015493488770549,-0.0149695784064422,0.0957790317230532,0.0396511572743705,0.0901924374220461,0.739130437374115,0.7555555701255798,0.6777777671813965,0.7032967209815979,0.6595744490623474,0.0630080699920654,0.0057644844055175,16.703939199447632,0.0793535709381103,1.5792605876922607,0.8953229188919067,0.0438857882545277,0.7142857313156128,494.1206314563751,0.0793535709381103
scm20d,4,0.05,1.4554162,1.5807439,2.3305275,2.725436628238051,1.4721757,0.9576837416481068,0.9576837416481068,0.9543429844097996,0.9665924276169264,0.9576837420463562,0.017814407898431,0.0069025524886478,0.0567889589267366,0.0200422193662192,0.0534587292564647,0.75,0.7777777910232544,0.7111111283302307,0.7551020383834839,0.7333333492279053,0.0746734142303466,0.006113052368164,13.904347658157349,0.0637953281402587,1.944539785385132,1.0,0.0500000119209289,1.0,496.9723870754242,0.0637953281402587
scm20d,3,0.05,1.5249996,1.574405,2.4629717,2.742602974817314,1.1378831,0.955456570155902,0.94543429844098,0.9565701559020044,0.9565701559020044,0.9476614594459534,0.0177070216863219,0.0089255171522155,0.0652737524685543,0.0200571134947309,0.0593519628218136,0.7708333134651184,0.7111111283302307,0.6521739363670349,0.739130437374115,0.7111111283302307,0.0730211734771728,0.007638931274414,17.437841653823853,0.0720922946929931,2.061020374298096,1.0,0.0500000119209289,1.0,543.45277094841,0.0720922946929931
taxi,2,0.1,2.6234128,3.1907506,3.321232,3.0557659429550177,3.044693,0.903915171288744,0.902610114192496,0.9052202283849918,0.8988580750407831,0.9053833484649658,0.0951713006609221,0.130277340330463,0.1333115977136384,0.1157259519881953,0.1276019730731285,0.6097946166992188,0.5334420800209045,0.5081169009208679,0.5878594517707825,0.5040783286094666,0.0781083106994628,0.0332467555999755,8.815939664840698,1.133601427078247,2.8008832931518555,0.9037520289421082,0.0967047442425328,0.6403225660324097,2697.7436616420746,1.133601427078247
casp,9,0.05,1.0294796,1.4187148,1.6634318,4.288848819732665,1.1276389,0.9529951902055094,0.9606471359860078,0.959554000874508,0.9615216440752076,0.9608657360076904,0.0145819414741997,0.0265178543480119,0.048928277650032,0.040360137675414,0.0237421609314507,0.8733624219894409,0.8209607005119324,0.7161571979522705,0.7947598099708557,0.8340611457824707,0.0581951141357421,0.0217821598052978,4.5799620151519775,0.7883849143981934,1.8619732856750488,0.9665500521659852,0.0256675010186691,0.8427947759628296,4211.987759113312,0.7883849143981934
scm20d,7,0.05,1.4209594,1.4879735,2.2788873,2.647978217022153,1.1775544,0.9543429844097996,0.9521158129175946,0.959910913140312,0.9532293986636972,0.945434272289276,0.0005704577756475,0.0035431452052035,0.0550192515750911,0.0239503471101018,0.0429956616710092,0.7777777910232544,0.7555555701255798,0.6739130616188049,0.7555555701255798,0.7021276354789734,0.0576667785644531,0.007577896118164,16.311829090118408,0.1017944812774658,1.942572832107544,1.0,0.0500000119209289,1.0,490.3765516281128,0.1017944812774658
taxi,3,0.1,2.5873544,3.0933836,3.2619643,2.859618267059326,2.9351928,0.8928221859706362,0.8920065252854812,0.8944535073409462,0.8903752039151713,0.8902120590209961,0.0999673836771854,0.1282871265006882,0.131973913248756,0.122740633452697,0.1221859832377846,0.5769854187965393,0.4991843402385711,0.4829821586608886,0.5390879511833191,0.4878444075584411,0.0766644477844238,0.0362772941589355,8.693583488464355,1.2255406379699707,2.747581958770752,0.8995106220245361,0.0853507465872834,0.650897204875946,2832.472967863083,1.2255406379699707
casp,8,0.05,1.1646831,1.4251801,1.5697516,0.0,1.1609377,0.9529951902055094,0.9551814604285088,0.9477481416703104,0.95037166593791,0.9505903124809264,0.0158084239350606,0.0188464161970852,0.0470912775104341,0.0492359831467691,0.0209896633045483,0.864628791809082,0.847161591053009,0.6681222915649414,0.7423580884933472,0.7629310488700867,0.0617694854736328,0.0228538513183593,4.541309118270874,0.8623111248016357,1.803434014320373,0.9606471657752992,0.0196332536452033,0.8717948794364929,4052.4398941993713,0.8623111248016357
scm20d,8,0.1,1.193818,1.2431673,1.6572007,2.223481603343884,0.80691534,0.89086859688196,0.8975501113585747,0.8808463251670379,0.9220489977728286,0.9008908867836,0.0169708280220008,0.0265263879809743,0.1318771070238228,0.0539069056318533,0.0993209304149516,0.7200000286102295,0.7099999785423279,0.5666666626930237,0.7777777910232544,0.6333333253860474,0.1497058868408203,0.0158774852752685,31.097792387008667,0.16267991065979,1.6395281553268433,0.9075723886489868,0.0538882775605649,0.75,481.714005947113,0.16267991065979
scm20d,9,0.1,1.3054894,1.3484727,1.8034667,2.848387256193581,0.7359705,0.8930957683741648,0.8808463251670379,0.9142538975501112,0.9086859688195992,0.8986636996269226,0.0099776544280854,0.0066753502783014,0.109330866120751,0.0385425293571382,0.0995282561774582,0.7444444298744202,0.699999988079071,0.699999988079071,0.760869562625885,0.6703296899795532,0.1570324897766113,0.0139751434326171,35.06818103790283,0.1765596866607666,1.7030949592590332,0.909799575805664,0.0630192532190101,0.7333333492279053,487.6655824184418,0.1765596866607666
scm20d,8,0.05,1.3809032,1.4607787,2.0699518,2.2482436352222885,1.2820301,0.94543429844098,0.9476614699331848,0.9432071269487752,0.9565701559020044,0.9476614594459534,0.0071601504091147,0.0100254548099157,0.0759441412997349,0.0117101247091607,0.0607144708969369,0.7111111283302307,0.739130437374115,0.6666666865348816,0.7966101765632629,0.6666666865348816,0.1614959239959716,0.0129840373992919,28.82565426826477,0.1670026779174804,1.900976657867432,1.0,0.0500000119209289,1.0,500.6460540294647,0.1670026779174804
scm20d,9,0.05,1.4963052,1.586933,2.2911563,2.8811127323799908,0.8398102,0.9476614699331848,0.94543429844098,0.9465478841870824,0.9498886414253898,0.942093551158905,0.0139261358891267,0.017587215775366,0.0648026150942292,0.0200689042206509,0.0632458171712767,0.7659574747085571,0.7555555701255798,0.644444465637207,0.7543859481811523,0.7111111283302307,0.1489989757537841,0.0162413120269775,32.77829098701477,0.2596487998962402,1.9800755977630613,1.0,0.0500000119209289,1.0,495.66987657547,0.2596487998962402
taxi,2,0.05,3.383227,4.0938444,4.260551,3.5167859232902514,4.1029754,0.9505709624796084,0.9541598694942904,0.9535073409461664,0.9487765089722676,0.9528548121452332,0.0531973970072498,0.0678303515541612,0.0731484593224953,0.0624959292847414,0.0702447071355474,0.7032257914543152,0.6334404945373535,0.5504885911941528,0.6644951105117798,0.551612913608551,0.0746090412139892,0.0279273986816406,8.487358808517456,1.1097350120544434,3.452446937561035,0.9605219960212708,0.0423001718171074,0.7781350612640381,2106.8075909614563,1.1097350120544434
taxi,3,0.05,3.3632596,4.0102,4.13921,3.2309252901077268,3.9671447,0.9471451876019576,0.9473083197389884,0.9458401305057096,0.938336052202284,0.9469820261001588,0.051337689462727,0.0661337761466693,0.0753344294297559,0.071549762248215,0.0682381811383109,0.6775244474411011,0.6156351566314697,0.4918566644191742,0.5439739227294922,0.524429976940155,0.0782008171081543,0.0293109416961669,8.498491287231445,1.1991381645202637,3.3106210231781006,0.9526916742324828,0.0410603658799051,0.7785016298294067,2246.051681995392,1.1991381645202637
