dataset,alpha,experiment,volume_levelset,volume_likelihood,volume_one,volume_ot,coverage_levelset,coverage_likelihood,coverage_one,coverage_ot,ERT_levelset,ERT_likelihood,ERT_one,ERT_ot,WSC_levelset,WSC_likelihood,WSC_one,WSC_ot
house,0.1,6,2.019025,1.9963194,2.4876254,2.724734301571469,0.8825161887141536,0.8857539315448658,0.8876040703052729,0.900555041628122,0.0457751661755757,0.0505003878009522,0.0815869116679136,0.0653079386821876,0.764976978302002,0.7188940048217773,0.6787330508232117,0.7142857313156128
house,0.1,5,1.8692603,1.8615134,2.617688,2.62261722713617,0.8820536540240518,0.8913043478260869,0.8991674375578168,0.9000925069380203,0.0406164964333274,0.0499431231604416,0.0793525017069522,0.0848188863036855,0.7601625919342041,0.764976978302002,0.7373272180557251,0.7586206793785095
house,0.1,3,1.7408842,1.6915065,2.2339785,2.2377818964684897,0.9051803885291396,0.896854764107308,0.8991674375578168,0.8913043478260869,0.0220100990328569,0.0553092160305264,0.0757638420229971,0.0745562863817941,0.7834101319313049,0.7590909004211426,0.752136766910553,0.7412280440330505
house,0.1,4,2.900085,2.89918,3.8289163,3.956146381099942,0.9037927844588344,0.9088806660499538,0.900555041628122,0.8991674375578168,0.0255284064259217,0.0502277511519878,0.087887700980738,0.0820505183554319,0.7880184054374695,0.7752293348312378,0.7281106114387512,0.7419354915618896
house,0.05,6,2.4529004,2.4322147,3.1732943,4.059857754024166,0.9431082331174838,0.9435707678075856,0.9449583718778908,0.9472710453283996,0.0160437517910086,0.0328355179168682,0.056564565187223,0.0373238007908207,0.7981651425361633,0.7678571343421936,0.642201840877533,0.7387387156486511
house,0.05,5,2.3310888,2.2601671,3.1885512,3.8036524566769634,0.9403330249768732,0.938945420906568,0.9514338575393154,0.9602220166512488,0.016282823315006,0.0175243785983226,0.0536474701464201,0.0394534320307087,0.8035714030265808,0.7981651425361633,0.78899085521698,0.8073394298553467
house,0.05,3,2.034319,2.0183444,2.6491396,2.9932012449260665,0.9486586493987048,0.946345975948196,0.942645698427382,0.9481961147086032,0.0169720334820522,0.0244218870898011,0.0413064569129057,0.0260478178988917,0.8165137767791748,0.8070175647735596,0.7798165082931519,0.8157894611358643
house,0.05,4,3.487643,3.445137,5.028621,5.874671469605212,0.9495837187789083,0.9491211840888066,0.9574468085106383,0.956059204440333,0.0209491321985444,0.0266379104749537,0.0420408935290326,0.0443052408387485,0.8073394298553467,0.752293586730957,0.7433628439903259,0.78899085521698
house,0.1,8,1.7534673,1.6908994,2.3398407,2.387942765487715,0.9042553191489362,0.8903792784458835,0.8880666049953746,0.8936170212765957,0.0214697264055222,0.0539320871107756,0.0932433133898824,0.0892584097453214,0.7958333492279053,0.7349397540092468,0.7180616855621338,0.7511110901832581
house,0.1,2,1.3426061,1.3154101,1.8855292,1.877880636608332,0.912118408880666,0.9079555966697502,0.9125809435707678,0.9061054579093432,0.0384851698025126,0.0665154900234541,0.0756665487961797,0.0789915394254322,0.7739130258560181,0.75,0.7566371560096741,0.7327188849449158
house,0.1,9,1.7632324,1.7569442,2.422432,2.6142630276376826,0.9061054579093432,0.912118408880666,0.8977798334875116,0.9061054579093432,0.0259019854738473,0.0441236958487612,0.0936230948902096,0.0715052286722674,0.7657657861709595,0.75,0.7465437650680542,0.7511110901832581
house,0.1,1,1.0786778,1.0912505,1.2836275,1.2987458151345117,0.8954671600370028,0.8977798334875116,0.8977798334875116,0.8880666049953746,0.0140599631236378,0.0256284817771562,0.0541138568621747,0.0558737539796912,0.7739130258560181,0.7534246444702148,0.7260273694992065,0.6863636374473572
house,0.05,8,2.130712,2.0908847,2.9573076,2.966843903922843,0.9546716003700276,0.9518963922294172,0.9477335800185014,0.9384828862164662,0.0184092517002503,0.0320075310395155,0.0550353957645224,0.0499516749838829,0.7981651425361633,0.7727272510528564,0.7706422209739685,0.7586206793785095
biais,0.1,9,1.098921,1.0608928,1.1645812,1.909266374650543,0.8865979381443299,0.8865979381443299,0.8814432989690721,0.9201030927835052,0.0296459850365707,0.0216244808300355,0.0621009092887045,0.0347742018392009,0.6794871687889099,0.6794871687889099,0.6875,0.7307692170143127
house,0.1,0,2.2995865,2.2856572,3.1769197,3.153462085985272,0.901017576318224,0.9079555966697502,0.912118408880666,0.9019426456984274,0.0311836071170311,0.0399717832379442,0.0756727495941713,0.0731815142231209,0.7533632516860962,0.7757847309112549,0.7373272180557251,0.7564102411270142
house,0.05,2,1.5885738,1.5715715,2.3278673,2.6538384985665573,0.9431082331174838,0.9431082331174838,0.9518963922294172,0.9555966697502312,0.0315416796968252,0.0391775755465831,0.0404220183286345,0.0403316697066093,0.7339449524879456,0.7431192398071289,0.7706422209739685,0.7909091114997864
house,0.05,1,1.3367919,1.3247395,1.592799,1.900962228559311,0.950508788159112,0.9500462534690102,0.9477335800185014,0.952358926919519,0.0152625989094637,0.016872812830375,0.0259490253679889,0.0133200807635038,0.7964601516723633,0.7964601516723633,0.752293586730957,0.7747747898101807
house,0.05,9,2.176914,2.1326778,3.0507302,3.664852879630162,0.9569842738205364,0.9555966697502312,0.9565217391304348,0.9555966697502312,0.0176230706069938,0.0148938347836034,0.0327856956808655,0.0372788955444205,0.8046875,0.8141592741012573,0.78899085521698,0.7964601516723633
house,0.05,0,2.826336,2.6944337,3.9702775,4.273514816449521,0.952358926919519,0.952358926919519,0.9565217391304348,0.9551341350601296,0.0162747013750888,0.013547177483921,0.0413041073228925,0.0320563950768111,0.8165137767791748,0.8256880640983582,0.78899085521698,0.8245614171028137
house,0.1,7,2.4389136,2.4455504,3.5933497,3.557803297912998,0.8806660499537465,0.8802035152636448,0.9014801110083256,0.8885291396854764,0.0341506220474896,0.0608850823880547,0.0705857163950126,0.0838989440320178,0.764976978302002,0.7168949842453003,0.7260273694992065,0.7181817889213562
biais,0.1,8,1.172624,1.1468605,1.2050327,1.438311727158043,0.9175257731958762,0.913659793814433,0.9085051546391752,0.9085051546391752,0.0342564221173894,0.0324632056889403,0.0610587355615286,0.049953688042927,0.7435897588729858,0.7435897588729858,0.7179487347602844,0.7160493731498718
house,0.05,7,3.037036,2.9606917,4.4078445,4.4862612465935126,0.9412580943570767,0.9338575393154488,0.950508788159112,0.9361702127659576,0.0176725672315301,0.0187847460407807,0.0393161465767645,0.0423616483138407,0.7798165082931519,0.7614678740501404,0.7339449524879456,0.7387387156486511
casp,0.1,9,1.4341307,1.4482518,1.7004645,1.7586522642523896,0.9011805859204196,0.9033668561434192,0.9046786182772192,0.9027109750765194,0.0130311041180142,0.0200281334259738,0.0492779569405427,0.0372086504010847,0.8311966061592102,0.8056768774986267,0.8030303120613098,0.7943723201751709
casp,0.1,7,2.3317802,2.3278253,2.5667388,2.511837548524632,0.9031482291211194,0.9077393965894184,0.9055531263664188,0.9033668561434192,0.0340610585437524,0.0304785170629635,0.0498927995098116,0.0472221143492779,0.8013100624084473,0.8384279608726501,0.8253275156021118,0.7903563976287842
casp,0.1,8,1.701638,1.6978905,1.9757627,1.9603388025412585,0.8987756886751203,0.8954962833406209,0.9038041101880192,0.8994315697420201,0.0066012875069714,0.0281130235535635,0.052467778927727,0.0508906555371919,0.8354978561401367,0.8242949843406677,0.8084210753440857,0.79347825050354
scm1d,0.1,5,4.5347085,4.228928,4.962426,5.616955606766726,0.890927624872579,0.8756371049949032,0.890927624872579,0.924566768603466,-0.0007251669801628,0.0604599633785426,0.094535386277075,0.048639815604268,0.747474730014801,0.6666666865348816,0.6666666865348816,0.7878788113594055
scm1d,0.1,1,4.751319,4.5652404,5.1252065,5.624015919503706,0.9215086646279308,0.9143730886850152,0.90927624872579,0.9194699286442406,0.0345592182287462,0.0659411734278975,0.0696270723867994,0.0580089227332977,0.7777777910232544,0.6759259104728699,0.6513761281967163,0.7400000095367432
casp,0.05,9,1.8484406,1.8225001,2.1936007,2.407653076439132,0.9527765631832096,0.9508089199825098,0.9525579361609094,0.9558373414954088,0.0077835772257049,0.0055330467970756,0.0255346520712131,0.0193042362932937,0.8803418874740601,0.8808510899543762,0.847161591053009,0.8558952212333679
casp,0.05,7,2.8977416,2.8333123,3.1499083,3.5857348828752724,0.9519020550940096,0.9519020550940096,0.9525579361609094,0.9564932225623088,0.0149878669250352,0.0135778636422699,0.0264116719837539,0.0261051112593365,0.8514056205749512,0.8634538054466248,0.8384279608726501,0.856521725654602
casp,0.05,8,2.0781953,2.044831,2.398493,2.848498185976617,0.9514648010494096,0.9510275470048098,0.9512461740271098,0.95015303891561,0.0062738018866281,0.0071046413857421,0.0227582410603137,0.0241802242456739,0.8777292370796204,0.8765957355499268,0.8558952212333679,0.8448275923728943
scm1d,0.1,7,3.9892364,3.9521432,4.3262644,4.733791902826329,0.8797145769622834,0.9031600407747196,0.8950050968399592,0.9051987767584098,0.0339034441899823,0.0577975860163669,0.0881643113392962,0.0651258780291126,0.7070707082748413,0.7373737096786499,0.6399999856948853,0.7171717286109924
scm1d,0.1,3,3.5862422,3.4674747,4.2170725,4.446464476295272,0.8970438328236493,0.9062181447502548,0.91131498470948,0.8939857288481141,0.0035926665973752,0.05860562832704,0.0896001371734193,0.0669595031346556,0.7373737096786499,0.6930692791938782,0.6944444179534912,0.6868686676025391
scm1d,0.1,2,5.0457554,4.928812,5.534751,6.85014332269853,0.9123343527013252,0.9133537206931702,0.9011213047910296,0.872579001019368,0.0186284183875447,0.0767440335202017,0.1154926042303351,0.0649269692850621,0.7647058963775635,0.6262626051902771,0.6355140209197998,0.6372548937797546
scm1d,0.1,6,3.6633422,3.5566516,4.3218317,4.855499868617563,0.9021406727828746,0.8960244648318043,0.8939857288481141,0.9031600407747196,0.0049694470589634,0.0384274415360773,0.0918377808742568,0.0547560418577104,0.7599999904632568,0.6969696879386902,0.6262626051902771,0.7070707082748413
casp,0.1,5,1.7663243,1.755613,1.9146534,1.9516090192786133,0.8954962833406209,0.8889374726716223,0.8895933537385221,0.8895933537385221,0.013423540130158,0.0352432988703188,0.0544823852202709,0.0414972459717007,0.8148936033248901,0.7857142686843872,0.7741273045539856,0.7978261113166809
casp,0.1,3,1.207673,1.207151,1.3247696,1.3775618962610705,0.8992129427197202,0.8994315697420201,0.8996501967643201,0.8972452995190205,0.0200255916516342,0.0361189119925099,0.0498475048206222,0.0550506941287021,0.8246346712112427,0.7700650691986084,0.7440347075462341,0.7510638236999512
casp,0.1,1,1.0119951,1.0165292,1.1811994,1.1720688405764272,0.8965894184521207,0.8928727590730214,0.8974639265413205,0.8933100131176214,0.0269805215977611,0.041583480550105,0.0571947780382819,0.0617407946104189,0.8034188151359558,0.7620087265968323,0.7663755416870117,0.7543103694915771
casp,0.1,6,2.3286166,2.332169,2.817855,2.794476436104072,0.8972452995190205,0.9000874508089199,0.8968080454744206,0.8957149103629208,0.0272431519109894,0.0307842830284795,0.0558837805547389,0.0571065798057914,0.8056768774986267,0.8122270703315735,0.7751091718673706,0.7647058963775635
casp,0.1,4,3.4151824,3.4299817,3.7813187,3.922321853628247,0.8987756886751203,0.9053344993441188,0.90030607783122,0.9038041101880192,0.0291206404305022,0.0314816351846079,0.0487985143607789,0.039526356371585,0.8104575276374817,0.8170212507247925,0.8008213639259338,0.790861189365387
casp,0.05,5,2.2135203,2.1868677,2.388516,2.78759700219766,0.95037166593791,0.9442501093135112,0.9442501093135112,0.9422824661128116,0.0060097614485938,0.0187583578034729,0.03268577871424,0.0219741496193551,0.8655462265014648,0.8538461327552795,0.8209607005119324,0.8369098901748657
biais,0.05,9,1.3665218,1.3165386,1.5168495,2.4356820760586086,0.952319587628866,0.9445876288659794,0.9497422680412372,0.979381443298969,0.0110860244580987,0.0101910660452247,0.0193713843773178,0.0302671726219312,0.75,0.7317073345184326,0.7560975551605225,0.8205128312110901
casp,0.1,2,1.3178239,1.3096031,1.4148979,1.3868001139065034,0.9020550940096196,0.8972452995190205,0.889811980760822,0.8893747267162221,0.0208573407896825,0.0288577217873898,0.0448195552166813,0.0459110182375127,0.813524603843689,0.8061224222183228,0.7887930870056152,0.7794432640075684
casp,0.05,3,1.508255,1.5142218,1.6582307,2.218959848070749,0.9527765631832096,0.9543069523393092,0.94971578487101,0.9521206821163096,0.0123505435454787,0.0107142136412855,0.0320289190047494,0.0289455650015849,0.8733624219894409,0.8777292370796204,0.7316017150878906,0.7816593647003174
casp,0.05,1,1.2145704,1.2127243,1.4131523,1.531397920493819,0.94971578487101,0.9490599038041102,0.9462177525142108,0.9486226497595104,-0.0008531502404696,0.0098604376609906,0.0325759616467559,0.0231950391441745,0.8608695864677429,0.856521725654602,0.807860255241394,0.8468084931373596
casp,0.1,0,2.5150304,2.4991417,2.880908,2.9229482003267213,0.895059029296021,0.8961521644075208,0.8983384346305203,0.8965894184521207,0.0123732570829803,0.0256209797532542,0.0399613083921988,0.0442488094175592,0.812095046043396,0.8104575276374817,0.818965494632721,0.8042553067207336
casp,0.05,6,2.7993464,2.8097687,3.3626652,3.415979340903996,0.94993441189331,0.95037166593791,0.9462177525142108,0.9440314822912113,0.014146503081167,0.0092052259194145,0.0325749089881474,0.0317445455918723,0.8602620363235474,0.8723404407501221,0.8240343332290649,0.8361344337463379
casp,0.05,4,4.117987,4.1102014,4.463681,4.750231843691121,0.9527765631832096,0.9562745955400088,0.9516834280717096,0.9540883253170092,0.00612175380365,0.0102538619360337,0.0239395735193437,0.0214686487974011,0.8733624219894409,0.8755019903182983,0.8340611457824707,0.8369098901748657
casp,0.05,2,1.5731893,1.5743194,1.6791681,1.9498263734644965,0.95015303891561,0.9508089199825098,0.9473108876257106,0.9431569742020114,0.0134650331824343,0.0090725711040535,0.0229968821812402,0.025271612603668,0.8689956068992615,0.8697478771209717,0.8384279608726501,0.8369098901748657
casp,0.05,0,3.0181112,3.018145,3.446606,3.620637248522443,0.9464363795365108,0.9481853957149105,0.9411893310013116,0.9455618714473109,0.0013361284768482,0.0050487962396687,0.0208991639036895,0.0170945717165732,0.864628791809082,0.8489795923233032,0.8441558480262756,0.8515284061431885
biais,0.05,8,1.4691515,1.4724656,1.5199811,1.6930119347431556,0.9652061855670104,0.9626288659793816,0.9600515463917526,0.9497422680412372,0.0142804044263238,0.0108056316718865,0.0162134067552754,0.0132423519082459,0.7692307829856873,0.7692307829856873,0.7692307829856873,0.7435897588729858
scm1d,0.1,8,4.113541,3.9524128,4.759406,5.323663494699589,0.9225280326197758,0.9164118246687054,0.9225280326197758,0.9357798165137616,0.0249622035987337,0.0608453480564818,0.0877675485057706,0.0410442542278938,0.7884615659713745,0.6534653306007385,0.6363636255264282,0.808080792427063
biais,0.1,4,2.2283592,2.2031937,2.4845622,3.687242823678997,0.922680412371134,0.913659793814433,0.8865979381443299,0.913659793814433,0.0077254107099017,0.0244598878958286,0.0533531879471588,0.032253112181639,0.7875000238418579,0.7215189933776855,0.6794871687889099,0.7564102411270142
biais,0.1,0,1.7502372,1.712492,2.012542,2.5177775523695454,0.8878865979381443,0.8878865979381443,0.8878865979381443,0.8492268041237113,0.0319818018466801,0.030175350420331,0.0360843693963548,0.0670603752550357,0.7088607549667358,0.7307692170143127,0.7037037014961243,0.6153846383094788
biais,0.1,6,1.5468267,1.5109102,1.7597655,2.22794694737788,0.8917525773195877,0.9020618556701032,0.8969072164948454,0.8943298969072165,0.030383792436251,0.038669981335292,0.0523192784508168,0.0466732874480626,0.7160493731498718,0.7160493731498718,0.692307710647583,0.7307692170143127
scm1d,0.1,4,4.313085,4.0638847,4.8393984,5.352676070677105,0.90927624872579,0.9021406727828746,0.9072375127420998,0.910295616717635,0.0292385878444866,0.0575790008324904,0.1073438426712986,0.0641168657774803,0.7799999713897705,0.656862735748291,0.6161616444587708,0.6990291476249695
scm1d,0.1,0,3.8684497,3.8120441,4.488972,5.11364018204937,0.91131498470948,0.9235474006116208,0.9225280326197758,0.9194699286442406,0.0107189614464307,0.0570030224504809,0.0798156160227958,0.0451693927810733,0.7766990065574646,0.7156862616539001,0.6767676472663879,0.7676767706871033
biais,0.1,2,0.9858241,0.98164964,1.1186602,1.5230476966649644,0.9213917525773196,0.922680412371134,0.9239690721649484,0.9188144329896908,0.0430240004096177,0.0373995175452346,0.0469098543391136,0.0368552632051819,0.7307692170143127,0.7435897588729858,0.7692307829856873,0.7564102411270142
scm1d,0.05,5,5.4157596,5.1056123,6.468948,6.484923084784199,0.9520897043832824,0.9429153924566768,0.945973496432212,0.9714576962283384,0.0231860619196184,0.0294203944562149,0.0541065022079213,0.0256459231884457,0.7599999904632568,0.6800000071525574,0.6346153616905212,0.8199999928474426
scm1d,0.05,1,5.6494737,5.5016937,6.4424977,6.017846635461873,0.9571865443425076,0.9520897043832824,0.9561671763506626,0.9469928644240572,0.0156459198360626,0.0356288278218959,0.0485797245712659,0.0340117118815047,0.7799999713897705,0.6730769276618958,0.6200000047683716,0.699999988079071
scm1d,0.05,7,4.914799,4.742361,5.462772,5.369290215511025,0.9520897043832824,0.9469928644240572,0.9429153924566768,0.9602446483180428,0.0070055979632916,0.0356189841324092,0.0610965570878157,0.033505135192953,0.7599999904632568,0.6600000262260437,0.6200000047683716,0.7692307829856873
scm20d,0.1,0,4.540232,4.5826683,5.700862,6.877911478039491,0.8541202672605791,0.8641425389755011,0.9020044543429844,0.8986636971046771,0.0367932838730601,0.0430378627185123,0.0574661821878008,0.016931106181414,0.6702127456665039,0.6630434989929199,0.7252747416496277,0.7032967209815979
biais,0.1,1,0.69447446,0.68667907,0.9741541,1.2389174674825738,0.913659793814433,0.9162371134020618,0.9304123711340206,0.9072164948453608,0.0097965366806838,0.0224251565487548,0.033571564545801,0.0260612181082947,0.759036123752594,0.7530864477157593,0.7948718070983887,0.7435897588729858
scm1d,0.05,3,4.399493,4.225382,5.516354,5.076203106454015,0.965341488277268,0.9510703363914372,0.9520897043832824,0.9510703363914372,0.0092163157891599,0.025303022106682,0.0549746272984556,0.034396567400732,0.8199999928474426,0.699999988079071,0.6399999856948853,0.698113203048706
scm20d,0.1,2,5.78809,5.537749,6.7321267,9.921950799279625,0.8897550111358574,0.8841870824053452,0.89086859688196,0.8841870824053452,0.0185176960716034,0.0561825023475897,0.0733172059162739,0.0475034173714456,0.7222222089767456,0.7099999785423279,0.7142857313156128,0.699999988079071
biais,0.1,3,0.93544555,0.9290996,1.1808704,1.696711680863471,0.8672680412371134,0.8646907216494846,0.8827319587628866,0.9304123711340206,0.0399602848720313,0.0466302628809011,0.0644698125257089,0.0290769386232343,0.6625000238418579,0.6516854166984558,0.6410256624221802,0.7530864477157593
biais,0.1,7,1.8134186,1.7728097,1.9588645,2.1170115293644063,0.8994845360824743,0.904639175257732,0.8981958762886598,0.8865979381443299,0.0169512058546762,0.0216162205984811,0.013897438909122,0.0079321735609258,0.7307692170143127,0.7555555701255798,0.7356321811676025,0.7108433842658997
scm1d,0.05,6,4.388458,4.24492,5.4816384,5.170871922840638,0.9480122324159022,0.944954128440367,0.9480122324159022,0.924566768603466,-0.0060763510097484,0.0285890450369418,0.0597860840735726,0.0363410323342671,0.7799999713897705,0.6800000071525574,0.6200000047683716,0.6346153616905212
biais,0.1,5,1.217082,1.1997471,1.303053,1.660921040918408,0.9123711340206184,0.9097938144329896,0.9162371134020618,0.9007731958762888,0.018046329098363,0.0548916541593345,0.0461604738866523,0.0329875975408467,0.7564102411270142,0.75,0.7317073345184326,0.7407407164573669
scm1d,0.05,2,6.2851996,6.2185316,7.1669335,8.869921635637992,0.9694189602446484,0.9582059123343528,0.9429153924566768,0.9571865443425076,0.0200476632147369,0.0372666610080097,0.0634538558978534,0.0370351255069702,0.8103448152542114,0.6792452931404114,0.5600000023841858,0.7400000095367432
scm20d,0.1,3,5.0725555,4.914883,5.8273535,8.394849299246681,0.9120267260579064,0.9153674832962138,0.9064587973273942,0.9276169265033408,0.0260968444556053,0.0684097002575221,0.0864258366989689,0.0541539585331372,0.7555555701255798,0.7252747416496277,0.7204301357269287,0.791208803653717
scm1d,0.1,9,5.279686,4.987581,5.6184916,5.421290569934082,0.8674821610601428,0.8878695208970439,0.8776758409785933,0.8481141692150866,0.036792690906082,0.054544709753301,0.0965451234500667,0.0835014950509122,0.6960784196853638,0.6262626051902771,0.5656565427780151,0.6363636255264282
rf1,0.1,3,0.5743045,0.5459688,0.90725034,1.153756909501357,0.8971553610503282,0.887308533916849,0.8916849015317286,0.901531728665208,0.0010868925550911,0.0708989495995709,0.0671626818414164,0.0616657764655523,0.7446808218955994,0.6304348111152649,0.6458333134651184,0.717391312122345
scm20d,0.1,7,5.361495,5.3348565,6.3685675,8.424139327782243,0.8997772828507795,0.8997772828507795,0.9120267260579064,0.8975501113585747,0.0369373111218713,0.0512352708790481,0.0855146036245747,0.0512166435980486,0.70652174949646,0.7222222089767456,0.7291666865348816,0.7204301357269287
scm20d,0.1,1,6.134092,6.143577,7.2809987,8.80617529485363,0.8674832962138085,0.8730512249443207,0.8864142538975501,0.8730512249443207,0.0382755960299316,0.0570080740891355,0.0641154662205668,0.0303004374791198,0.692307710647583,0.692307710647583,0.6888889074325562,0.6947368383407593
scm20d,0.1,9,7.6905756,7.300794,8.9681015,10.821939489930667,0.8942093541202673,0.888641425389755,0.8808463251670379,0.9097995545657016,-0.0004171288746029,0.061692128749755,0.0913109989124821,0.056993181548601,0.7333333492279053,0.6464646458625793,0.6304348111152649,0.7346938848495483
rf1,0.1,0,1.0960324,1.0288832,1.6239554,1.7205130199789636,0.9277899343544858,0.8960612691466083,0.8982494529540481,0.9223194748358862,0.0522932966156477,0.0846706383694888,0.0966912960924558,0.0553473988402851,0.774193525314331,0.6304348111152649,0.6451612710952759,0.760869562625885
scm20d,0.1,6,4.5920343,4.5081654,5.201606,6.733406875422961,0.9053452115812918,0.9120267260579064,0.9097995545657016,0.9064587973273942,0.002176295191068,0.0409509748246342,0.0512129221208194,0.0389931838842447,0.7252747416496277,0.7525773048400879,0.7555555701255798,0.7444444298744202
rf1,0.1,1,0.93480045,0.9244781,1.0980824,1.7861284286070316,0.8960612691466083,0.8862144420131292,0.8894967177242888,0.9080962800875274,0.0704341626343394,0.1026313691370295,0.1148946250615331,0.0512148062574221,0.698924720287323,0.532608687877655,0.510869562625885,0.7127659320831299
scm20d,0.1,8,4.7393594,4.9010973,5.5577445,6.569171634135885,0.8975501113585747,0.923162583518931,0.9053452115812918,0.94543429844098,0.0262929893265149,0.0556623398599085,0.0761440230466652,0.0463389407944634,0.7333333492279053,0.7802197933197021,0.7333333492279053,0.8222222328186035
biais,0.05,4,2.7125251,2.5906386,3.2304943,4.368258411681534,0.9664948453608248,0.961340206185567,0.9420103092783504,0.9664948453608248,0.0121116727960316,0.001421017425922,0.0163705540827426,0.0143052198563458,0.7948718070983887,0.7948718070983887,0.7179487347602844,0.800000011920929
rf1,0.1,2,0.82406205,0.8158347,1.0436611,1.5999848325398398,0.924507658643326,0.9070021881838074,0.9168490153172868,0.901531728665208,0.0551384289930555,0.0853600084978503,0.0724530245615957,0.0684897695841577,0.7659574747085571,0.5943396091461182,0.6320754885673523,0.7052631378173828
rf1,0.1,4,1.101627,1.0523595,1.8144473,1.924634148105059,0.9059080962800876,0.9037199124726476,0.8960612691466083,0.9070021881838074,0.0199267478044459,0.0772257382952901,0.0710754912887286,0.0457251047018604,0.7096773982048035,0.695652186870575,0.6804123520851135,0.7263157963752747
biais,0.05,0,2.0738437,2.0760465,2.481441,2.9569606661695134,0.934278350515464,0.9381443298969072,0.9497422680412372,0.9097938144329896,0.0165384596305212,0.0202729515264209,0.0204756048624923,0.0454863429217421,0.7179487347602844,0.7179487347602844,0.692307710647583,0.6000000238418579
biais,0.05,6,1.878625,1.8395869,2.4131315,2.85897905557244,0.9458762886597938,0.9484536082474226,0.9510309278350516,0.9471649484536082,0.0077262230891645,0.0054201851027183,0.042279575050518,0.0214185300427492,0.692307710647583,0.7179487347602844,0.738095223903656,0.7435897588729858
rf1,0.1,5,0.62584996,0.62730247,0.81338716,1.4462281614582606,0.901531728665208,0.912472647702407,0.9135667396061268,0.9102844638949672,0.0402450125861553,0.0969290966129457,0.1072083251652241,0.0391605230449506,0.72826087474823,0.6630434989929199,0.6195651888847351,0.695652186870575
rf2,0.1,0,1.1644822,1.1649592,1.6467528,3.143999059980062,0.8971553610503282,0.9048140043763676,0.9004376367614879,0.9168490153172868,0.035191264190037,0.0533789806220507,0.0730643205125002,0.0625893366055496,0.75,0.72826087474823,0.72826087474823,0.760869562625885
rf1,0.1,6,1.1491624,1.061838,1.4622419,1.81541839781226,0.912472647702407,0.8763676148796499,0.8905908096280087,0.9091903719912472,0.0194679793241768,0.0745847686836184,0.0960487714094678,0.0579751500451714,0.75,0.5869565010070801,0.5913978219032288,0.70652174949646
scm1d,0.05,8,4.9846716,4.9070816,6.3421016,5.982149578225032,0.9663608562691132,0.963302752293578,0.9602446483180428,0.9765545361875636,0.0115648073451353,0.0283761616921679,0.0410110936910269,0.0279607488832905,0.8199999928474426,0.7307692170143127,0.6153846383094788,0.8399999737739563
rf1,0.05,3,0.6795468,0.7540179,1.3274344,1.4421009820255624,0.9529540481400438,0.9518599562363238,0.9452954048140044,0.9595185995623632,-0.0097507898838879,0.0436173750846971,0.0483480522326647,0.0285390100944137,0.7708333134651184,0.6304348111152649,0.5869565010070801,0.7708333134651184
scm1d,0.05,4,5.064055,5.0472865,6.607648,5.908093806324616,0.9510703363914372,0.9500509683995922,0.9541284403669724,0.9480122324159022,0.0116456061567677,0.0167605982596894,0.0529669608005795,0.0434870046086352,0.7799999713897705,0.699999988079071,0.6399999856948853,0.7200000286102295
rf1,0.1,8,1.199896,1.1281492,1.896381,2.323915253630721,0.8894967177242888,0.8829321663019694,0.887308533916849,0.926695842450766,0.0337020392733737,0.077047988058876,0.0715726975384456,0.0496775492486213,0.698924720287323,0.5531914830207825,0.6451612710952759,0.739130437374115
scm20d,0.05,7,6.0907326,6.3055058,8.375596,9.390942943584966,0.9432071269487752,0.9487750556792872,0.9610244988864144,0.9587973273942092,0.0125431441705764,0.0383016835185476,0.0485617715368205,0.0196257053873392,0.7333333492279053,0.7291666865348816,0.7083333134651184,0.7777777910232544
rf1,0.1,7,0.64362025,0.61729574,0.8177585,1.4378948340065054,0.8840262582056893,0.8960612691466083,0.8905908096280087,0.9277899343544858,0.0573866602952563,0.1183630705423801,0.1188170405556073,0.0586489092055966,0.6842105388641357,0.532608687877655,0.47826087474823,0.782608687877655
biais,0.05,2,1.2536992,1.2628164,1.4986991,2.050552073630157,0.961340206185567,0.9652061855670104,0.9664948453608248,0.9832474226804124,0.01712242237786,0.0271910750165865,0.0203548466331018,0.0300413676448061,0.75,0.7692307829856873,0.7948718070983887,0.8461538553237915
rf2,0.1,3,0.6597022,0.64290535,0.92380875,1.516455632141415,0.8927789934354485,0.8840262582056893,0.887308533916849,0.8632385120350109,0.0391497126214319,0.0706587507582595,0.0636894355555851,0.0505842820320846,0.6938775777816772,0.695652186870575,0.717391312122345,0.6767676472663879
scm20d,0.05,0,5.467859,5.697966,7.245112,7.343471127093696,0.9320712694877504,0.94543429844098,0.9576837416481068,0.923162583518931,0.0081471120822807,0.0359764183522158,0.0462104377304079,0.0200453105489338,0.7333333492279053,0.7333333492279053,0.7555555701255798,0.6888889074325562
scm20d,0.1,5,6.400669,6.190189,7.4107285,7.640977539405356,0.9042316258351892,0.900890868596882,0.8930957683741648,0.9031180400890868,0.0127175755977334,0.063049049438119,0.0812898934753247,0.0528007571938465,0.7589285969734192,0.699999988079071,0.6666666865348816,0.7444444298744202
rf1,0.1,9,1.1042273,1.222795,1.5511686,2.096667716762934,0.9080962800875274,0.9343544857768052,0.9343544857768052,0.9146608315098468,0.0313048790175943,0.0693797084080137,0.0719954513325202,0.0290926691777554,0.7446808218955994,0.739130437374115,0.695652186870575,0.739130437374115
rf2,0.1,2,0.98864084,0.9877695,1.2465794,1.6207166860040056,0.9135667396061268,0.8938730853391685,0.9070021881838074,0.899343544857768,0.0408803386630392,0.0822746767551342,0.0903789246869017,0.0402534179155485,0.7446808218955994,0.7204301357269287,0.72826087474823,0.695652186870575
rf2,0.1,1,0.97711337,0.96475315,1.157665,2.078501521611333,0.901531728665208,0.9004376367614879,0.8938730853391685,0.9037199124726476,0.0437711011638285,0.0862343246039274,0.0866558698536089,0.0538197439726083,0.70652174949646,0.72826087474823,0.6914893388748169,0.72826087474823
scm20d,0.05,2,7.047213,6.765194,8.293811,14.874702223205094,0.9587973273942092,0.9420935412026726,0.933184855233853,0.967706013363029,0.0173854829863981,0.0240415932190928,0.048577907127597,0.0279739377603702,0.7777777910232544,0.7555555701255798,0.7111111283302307,0.7872340679168701
scm20d,0.1,4,5.99291,6.0102124,6.8152776,8.886990340100361,0.925389755011136,0.935412026726058,0.9198218262806236,0.9476614699331848,0.0358646981616999,0.0605971638524406,0.0619218019400229,0.0463550824929585,0.7888888716697693,0.7888888716697693,0.7555555701255798,0.8444444537162781
rf2,0.1,4,1.126998,1.1054293,1.6768708,2.551886525765788,0.8916849015317286,0.8763676148796499,0.8949671772428884,0.9037199124726476,0.0354326629670168,0.0846430172871836,0.0721840018332129,0.0629796567696505,0.72826087474823,0.6521739363670349,0.7211538553237915,0.7263157963752747
biais,0.05,1,0.8461354,0.8572586,1.2525046,1.7451964754572475,0.9548969072164948,0.9587628865979382,0.9652061855670104,0.9780927835051546,-0.0089048745081974,0.0028230028757879,0.0288469906243733,0.0274549307312425,0.7692307829856873,0.7692307829856873,0.7948718070983887,0.8461538553237915
scm20d,0.05,3,6.057735,5.9186306,7.799375,10.00266535082832,0.9587973273942092,0.9610244988864144,0.9688195991091314,0.9643652561247216,0.0233892050934903,0.0391160860230358,0.0521173287362951,0.0279497294578398,0.7777777910232544,0.7799999713897705,0.7777777910232544,0.7777777910232544
scm1d,0.05,0,4.6505203,4.5643363,6.0568476,5.798223642028219,0.9500509683995922,0.9571865443425076,0.963302752293578,0.9714576962283384,-0.0180658849795025,0.0277815262931474,0.0465358011317255,0.0255267882438492,0.7799999713897705,0.7200000286102295,0.6399999856948853,0.8199999928474426
biais,0.05,3,1.1841075,1.1266503,1.6193143,1.90268973282162,0.9329896907216496,0.9278350515463918,0.9536082474226804,0.9690721649484536,0.0187154588835411,0.0230942872469833,0.019308525275553,0.0249950462525496,0.6666666865348816,0.6666666865348816,0.692307710647583,0.7692307829856873
rf2,0.1,5,0.69140416,0.729012,0.85860133,2.287954203444166,0.9080962800875274,0.9201312910284464,0.9190371991247264,0.9157549234135668,0.0420092576002348,0.0647751302552468,0.0967021119936031,0.071539074657472,0.739130437374115,0.7623762488365173,0.760869562625885,0.7551020383834839
rf2,0.1,6,2.2542293,2.2394288,2.8138726,2.9827181914032845,0.9113785557986872,0.8960612691466083,0.9135667396061268,0.9201312910284464,0.0673692575426192,0.0986813325563551,0.0977986116434499,0.07722694214805,0.7419354915618896,0.717391312122345,0.72826087474823,0.760869562625885
biais,0.05,7,2.1284807,2.1378517,2.4864898,2.6648754345788035,0.9484536082474226,0.9484536082474226,0.9587628865979382,0.9536082474226804,-0.0050587261955633,0.0013937159931492,0.008386275325559,-0.0016757599690218,0.7560975551605225,0.75,0.7692307829856873,0.7674418687820435
scm20d,0.05,1,7.299726,7.4309044,9.88597,11.14576947046777,0.9342984409799554,0.9443207126948776,0.9521158129175946,0.9432071269487752,0.0203755392316407,0.0315170739394104,0.0439726953399913,-0.0005530693152171,0.6888889074325562,0.7333333492279053,0.7735849022865295,0.7450980544090271
biais,0.05,5,1.440943,1.4375015,1.57069,1.985782580750944,0.9600515463917526,0.9574742268041238,0.9471649484536082,0.9587628865979382,0.009550874750904,0.0143167969103782,0.028367249036841,0.0289933892584123,0.7804877758026123,0.7692307829856873,0.7435897588729858,0.7692307829856873
scm1d,0.05,9,6.261901,6.085673,7.291344,6.83952260260037,0.9327217125382264,0.9408766564729868,0.9347604485219164,0.944954128440367,0.0168745420417007,0.0431850256326346,0.0559261439619169,0.0454148999733047,0.7400000095367432,0.6000000238418579,0.4399999976158142,0.75
scm20d,0.05,9,9.208083,9.111707,11.6113825,11.70393676282745,0.9610244988864144,0.9576837416481068,0.9532293986636972,0.9576837416481068,0.0169298652489684,0.0327175745321755,0.0632458187636938,0.0173532041002696,0.7777777910232544,0.7708333134651184,0.7111111283302307,0.7555555701255798
rf1,0.05,0,1.2847536,1.300469,2.2786067,2.079863418076814,0.9660831509846828,0.9573304157549234,0.9442013129102844,0.974835886214442,0.0221942089745456,0.0288650765065666,0.0481168613006909,0.0266762848237695,0.8085106611251831,0.7346938848495483,0.6739130616188049,0.804347813129425
rf2,0.05,0,1.3880899,1.3981558,2.367065,3.448029584192892,0.950765864332604,0.9529540481400438,0.948577680525164,0.9638949671772428,0.0171704841534855,0.0074341011256389,0.0476869096779174,0.0360974092601777,0.7692307829856873,0.75,0.739130437374115,0.7599999904632568
scm20d,0.05,6,5.5029135,5.428738,7.39151,8.92030402910311,0.955456570155902,0.9510022271714922,0.9699331848552338,0.9710467706013364,0.0053513422188442,-0.0116834249857565,0.0416697805243053,0.0307231633023842,0.7777777910232544,0.7555555701255798,0.8222222328186035,0.8199999928474426
rf1,0.05,1,1.0936131,1.1303612,1.905857,2.1833108820887066,0.9463894967177244,0.9529540481400438,0.9529540481400438,0.9824945295404814,0.0250351324279279,0.0474887476528341,0.0608304894973385,0.0444352474855759,0.695652186870575,0.7083333134651184,0.5869565010070801,0.8260869383811951
scm20d,0.05,8,5.6337237,5.474625,6.7933145,7.092503203714237,0.9565701559020044,0.9487750556792872,0.9587973273942092,0.979955456570156,-0.0041166904518724,0.0221663631777227,0.0442166448431234,0.0261725746453141,0.7735849022865295,0.7555555701255798,0.7755101919174194,0.8666666746139526
rf1,0.05,2,0.96903026,0.9913841,1.4731381,1.9759295431847697,0.9573304157549234,0.948577680525164,0.9551422319474836,0.9584245076586432,0.0365279598092342,0.0529730445163382,0.0589779705111632,0.0283402441851206,0.717391312122345,0.6304348111152649,0.5625,0.7551020383834839
rf1,0.05,4,1.3062804,1.3460032,2.5985398,2.698119221955385,0.9540481400437636,0.9474835886214442,0.9518599562363238,0.950765864332604,0.0076785034061888,0.0331279738789913,0.05183811596204,0.0184951722697081,0.7708333134651184,0.6086956262588501,0.6304348111152649,0.760869562625885
rf2,0.05,3,0.7911306,0.85903144,1.2272404,2.450480953977632,0.9398249452954048,0.9463894967177244,0.9343544857768052,0.926695842450766,0.0096162868721495,0.0434210132344208,0.0436744182129733,0.025725692591853,0.7021276354789734,0.7021276354789734,0.717391312122345,0.6808510422706604
rf1,0.05,5,0.7461887,0.7427558,1.3367347,1.657577365202831,0.9540481400437636,0.9452954048140044,0.9562363238512036,0.9442013129102844,0.0257803460338026,0.0547925372041539,0.0646538252859998,0.0020590892097495,0.782608687877655,0.6304348111152649,0.5869565010070801,0.739130437374115
taxi,0.1,1,1.0499704,0.9242852,2.1506073,1.981655326128508,0.8965742251223491,0.9097879282218596,0.9070146818923328,0.9148450244698204,0.0383034375518997,0.121957601225201,0.1088091523962347,0.0873083342541294,0.7357259392738342,0.6166394948959351,0.6150081753730774,0.6949428915977478
taxi,0.05,1,1.2193913,1.0890195,3.114261,3.0404763149122465,0.9504078303425776,0.9562805872756932,0.9556280587275692,0.9590538336052202,0.0198694994165691,0.0550571039294729,0.0724633041447177,0.0453181153992844,0.8161993622779846,0.7133550643920898,0.6084142327308655,0.7882736325263977
rf2,0.05,2,1.1768665,1.1503865,1.6233957,2.096613922009352,0.9595185995623632,0.9595185995623632,0.9573304157549234,0.9584245076586432,0.0175187745180486,0.0133615651352873,0.0390668417694031,0.0160589774055952,0.7551020383834839,0.782608687877655,0.7599999904632568,0.760869562625885
taxi,0.1,2,2.5836606,2.5294585,2.8117082,2.7886854338513345,0.9063621533442088,0.9044045676998368,0.9071778140293638,0.903588907014682,0.02169658212055,0.017846663702176,0.0583686915735241,0.0539641219678944,0.8254486322402954,0.8265802264213562,0.7667210698127747,0.7471451759338379
rf2,0.05,4,1.3231708,1.402646,2.2567182,4.84032079710518,0.949671772428884,0.9431072210065644,0.9354485776805253,0.975929978118162,3.007161526367031e-06,0.0367417354179432,0.050621515195706,0.0378406393859419,0.782608687877655,0.7142857313156128,0.6739130616188049,0.804347813129425
taxi,0.1,5,3.9973063,3.9683654,4.092488,4.074213329746812,0.9091353996737356,0.9088091353996738,0.9068515497553018,0.9094616639477976,0.0291354082147993,0.0295595534279529,0.0410440559682799,0.0498858189699505,0.8392857313156128,0.8254486322402954,0.7980455756187439,0.7862969040870667
rf1,0.05,6,1.3487918,1.375327,2.177666,2.1917810703222926,0.9442013129102844,0.948577680525164,0.9420131291028446,0.949671772428884,0.0093977091441689,0.0265609866025275,0.0627736818229931,0.0324968520316362,0.7234042286872864,0.6875,0.5106382966041565,0.7346938848495483
rf1,0.05,8,1.3610067,1.4404503,2.8430896,2.870695061300228,0.9310722100656456,0.9420131291028446,0.9420131291028446,0.9846827133479212,0.0129237904274047,0.0314892268507271,0.0587545851991676,0.0430138826692368,0.7021276354789734,0.6086956262588501,0.54347825050354,0.8260869383811951
taxi,0.1,0,5.214682,5.15938,5.5697646,5.542753383159702,0.9053833605220228,0.903588907014682,0.9081566068515498,0.9060358890701468,0.0259380179167182,0.0334094675680163,0.0613376969419918,0.0522349226533102,0.8525640964508057,0.8493788838386536,0.7763370871543884,0.7795786261558533
taxi,0.1,6,3.620142,3.6730871,4.5423055,4.566378234516285,0.8946166394779772,0.8965742251223491,0.8962479608482871,0.903588907014682,0.0196737313931762,0.0452202374550102,0.0872757076633695,0.0660685276323975,0.8317307829856873,0.784665584564209,0.6296296119689941,0.7645161151885986
taxi,0.05,2,3.0931828,3.0726135,3.477363,3.482310048856533,0.9504078303425776,0.9520391517128874,0.9526916802610114,0.9539967373572594,0.0150734114996955,0.016411096975815,0.0344861411348252,0.0330995178728274,0.8668830990791321,0.8701298832893372,0.732899010181427,0.7781350612640381
rf2,0.05,1,1.1705941,1.15355,1.65547,2.556871121515848,0.9529540481400438,0.949671772428884,0.9518599562363238,0.9431072210065644,0.0185263973509936,0.032170786663182,0.0486867310685423,0.0319425984559413,0.739130437374115,0.739130437374115,0.739130437374115,0.695652186870575
taxi,0.05,5,4.803673,4.855439,4.997039,4.636816419207486,0.9518760195758564,0.9530179445350734,0.9548123980424144,0.9543230016313212,0.0160522054497997,0.0167536744674695,0.0269820613923313,0.0276509042081786,0.8714733719825745,0.8626865744590759,0.8544303774833679,0.8110749125480652
rf2,0.05,6,2.5963714,2.7537699,3.6290588,3.7089658724268455,0.9617067833698032,0.9649890590809628,0.9617067833698032,0.9562363238512036,0.0413427100914316,0.0346940573905528,0.0492145642835958,0.0337140530285187,0.760869562625885,0.804347813129425,0.782608687877655,0.7755101919174194
scm20d,0.05,5,7.2415056,7.1174927,9.452172,8.500059244429393,0.9420935412026726,0.9398663697104676,0.9443207126948776,0.9532293986636972,0.0031260062507188,0.0439975233095762,0.0619261412269798,0.0266691575325623,0.75,0.7021276354789734,0.6666666865348816,0.7555555701255798
rf1,0.05,7,0.73623824,0.7694769,1.2267559,1.797594714580944,0.9442013129102844,0.9452954048140044,0.9409190371991248,0.9606126914660832,0.0302215834190228,0.0595490360470467,0.0745109062677874,0.0282411670882387,0.7083333134651184,0.6086956262588501,0.4565217494964599,0.7446808218955994
rf2,0.05,5,0.8491439,0.83363765,1.1340963,2.751487473276658,0.9595185995623632,0.9595185995623632,0.9452954048140044,0.949671772428884,0.0144412507389799,0.0192638048157565,0.0662763540647283,0.0409187594813312,0.75,0.760869562625885,0.6875,0.739130437374115
taxi,0.05,0,6.2853937,6.222627,6.6214013,6.72837708493077,0.9544861337683525,0.9544861337683525,0.9523654159869496,0.9520391517128874,0.0090212124012422,0.0091027784892046,0.0365742321309996,0.0326590604533184,0.8925081491470337,0.8836477994918823,0.7491856813430786,0.7589576840400696
taxi,0.05,6,4.302518,4.311019,5.5958624,5.687066649978603,0.9473083197389884,0.9495921696574224,0.9499184339314845,0.9556280587275692,0.0107340947255419,0.0149265932025567,0.0553018021544663,0.034600334746997,0.8697068691253662,0.8606811165809631,0.7133550643920898,0.7296416759490967
rf1,0.05,9,1.3022385,1.4392014,2.2266822,2.380393548167187,0.9660831509846828,0.9704595185995624,0.9726477024070022,0.9584245076586432,0.0214405903027078,0.0318501275573443,0.0434420325538027,0.0180424032415748,0.804347813129425,0.800000011920929,0.760869562625885,0.760869562625885
scm20d,0.05,4,7.17815,6.875271,8.489937,10.10036637654932,0.9810690423162584,0.9643652561247216,0.965478841870824,0.989977728285078,0.0309931838371826,0.0381067750633021,0.0405443917683826,0.0387715820826631,0.8666666746139526,0.7777777910232544,0.7777777910232544,0.8888888955116272
taxi,0.1,9,3.5470974,3.5121822,3.6159413,3.587083663122144,0.902610114192496,0.898205546492659,0.8951060358890701,0.8954323001631321,0.0155954373796845,0.0204241463255143,0.0375856548499127,0.0465579232811733,0.8368335962295532,0.8271405696868896,0.7974276542663574,0.7777777910232544
taxi,0.1,8,3.7348087,3.7447784,3.8250232,3.646519222370486,0.9107667210440455,0.9115823817292008,0.9040783034257748,0.900815660685155,0.0162806002973148,0.0169983812101902,0.0303425866666859,0.0313866338372036,0.852750837802887,0.8465189933776855,0.8127036094665527,0.7781403064727783
taxi,0.05,9,4.3524284,4.369273,4.393869,4.200715549913682,0.9531810766721044,0.9495921696574224,0.9456769983686786,0.9469820554649266,0.0111745558010617,0.0077977179703082,0.0179445381460143,0.0327569390198923,0.8729641437530518,0.8571428656578064,0.8403908610343933,0.7947883009910583
taxi,0.05,8,4.536759,4.546998,4.5609736,4.30770690004843,0.9538336052202284,0.9523654159869496,0.9507340946166396,0.9497553017944536,0.0105383405483177,0.011827084310292,0.0178140330664679,0.0221044102267378,0.8836477994918823,0.8729641437530518,0.8478964567184448,0.8205128312110901
taxi,0.1,3,2.1382685,2.1469822,3.2465367,2.8473716823478674,0.8942903752039152,0.8986949429037521,0.8969004893964111,0.8924959216965742,0.0173898831860665,0.0579445462047956,0.1040456912256959,0.0836215448612879,0.8368335962295532,0.7553017735481262,0.6150081753730774,0.6867862939834595
rf2,0.1,8,1.1472013,1.1625476,1.7709124,2.259753919995397,0.8862144420131292,0.9037199124726476,0.8905908096280087,0.9157549234135668,0.0483612588981977,0.0459412848878563,0.0579871559904723,0.0452543232495782,0.7096773982048035,0.7311828136444092,0.717391312122345,0.75789475440979
rf2,0.1,7,0.690979,0.71049625,0.8867576,1.5918924488775394,0.9037199124726476,0.901531728665208,0.8938730853391685,0.9091903719912472,0.0271122379803495,0.0993430740402488,0.113143590360921,0.0645733631903478,0.7446808218955994,0.7400000095367432,0.72826087474823,0.75
rf2,0.1,9,1.9798864,2.1108224,2.473999,3.471768284171266,0.8938730853391685,0.9212253829321664,0.9102844638949672,0.8949671772428884,0.0588987086131781,0.0921239573368688,0.0809367817156752,0.0654464764845003,0.7052631378173828,0.72826087474823,0.72826087474823,0.7340425252914429
taxi,0.05,3,2.5397177,2.5153866,4.108748,3.833777933183768,0.9479608482871126,0.9497553017944536,0.9460032626427406,0.9460032626427406,0.0109624807052861,0.0208319801879745,0.0581892403459471,0.0474388317416192,0.8774193525314331,0.8222891688346863,0.6058632135391235,0.7035830616950989
taxi,0.1,4,5.9693604,5.994001,6.46218,6.523174160571712,0.8955954323001631,0.8986949429037521,0.899673735725938,0.898042414355628,0.0153996700174851,0.01879282616091,0.0424469919033579,0.0399021301922945,0.8359872698783875,0.8308942914009094,0.797406792640686,0.7970778942108154
taxi,0.1,7,5.260699,5.2405853,5.3900924,5.3297047866455936,0.8946166394779772,0.8947797716150081,0.8964110929853181,0.899510603588907,0.0096900437823322,0.0189885791713223,0.029233286664692,0.038042424359096,0.8306189179420471,0.8197226524353027,0.794453501701355,0.7814029455184937
taxi,0.05,4,7.2705827,7.164961,7.7955117,7.638693701827352,0.9473083197389884,0.9474714518760196,0.9484502446982056,0.9435562805872756,0.0102283851357502,0.0154486141819354,0.02876020137093,0.0281892374328065,0.8664495348930359,0.8571428656578064,0.7781350612640381,0.7870967984199524
taxi,0.05,7,6.472868,6.4489484,6.6525106,6.240544296392291,0.9479608482871126,0.9464926590538336,0.9468189233278956,0.9469820554649266,0.0079282223886611,0.0111745517950073,0.0275530231135121,0.0228385043572057,0.874193549156189,0.8580645322799683,0.8075709939002991,0.8019169569015503
rf2,0.05,9,2.2647142,2.3922253,3.2071874,4.622727684024167,0.9529540481400438,0.9606126914660832,0.9595185995623632,0.9584245076586432,0.0362102997673099,0.0299837943749235,0.048224352075124,0.0207896550746964,0.695652186870575,0.7234042286872864,0.739130437374115,0.782608687877655
rf2,0.05,7,0.8118496,0.8296591,1.2328718,2.3194048727093315,0.9551422319474836,0.9540481400437636,0.9398249452954048,0.9638949671772428,0.0223977717788901,0.0473656464230081,0.0740815543558607,0.0389749679716902,0.782608687877655,0.760869562625885,0.695652186870575,0.7872340679168701
rf2,0.05,8,1.3760885,1.4198351,2.6642265,2.6665144130678917,0.9431072210065645,0.9431072210065645,0.949671772428884,0.9890590809628009,0.004903622668032704,0.03477452131160379,0.040775843831445266,0.04605837936538236,0.739130437374115,0.695652186870575,0.7446808218955994,0.8695651888847351
